0.13347994443335104	0.39583741547405593	0.0
0.16593246926128216	0.2958274986523126	0.0
0.12282342705921384	0.2349526688705533	0.0
0.20866899467838393	0.31359567905138686	0.0
0.18190220231662144	0.35670552957980783	0.0
0.1480516053644769	0.29700480578652627	0.0
0.1933664105473015	0.3162846861518789	0.0
0.18038107827169575	0.45168967098854695	0.0
0.04237344665424836	0.32018167847016893	0.0
0.09039333244021958	0.24340243832884817	0.0
0.06309977666453992	0.3037182515640465	0.0
0.14655587793300817	0.23855744284640396	0.0
0.09877280675459749	0.24390274276840743	0.0
0.11531988016872835	0.22414585467575718	0.0
0.07969872865117777	0.3047815085417144	0.0
0.05855650825373554	0.19413698873731405	0.0
0.14870565292579854	0.3285220698753554	0.0
0.039329458574046294	0.25069207867484433	0.0
0.17125003580026044	0.22181340383455234	0.0
0.1041703530960888	0.1630554004109448	0.0
0.10224526008363477	0.221327082366822	0.0
0.10018306460761317	0.23714504377924722	0.0
0.12667383447773867	0.2702124759736836	0.0
0.16078795700537699	0.1408532706826946	0.0
0.15484277764559606	0.32697693210710055	0.0
0.1698449462066506	0.27110794047868514	0.0
0.13631858208324138	0.3028411264472556	0.0
0.11896786930701447	0.3536056033355454	0.0
0.10343859578281517	0.25183434330161375	0.0
0.08561165258556208	0.18050739373451394	0.0
0.17214346552442433	0.322613775843243	0.0
0.08510916464282797	0.10260149517982653	0.0
0.09345880839960174	0.2949777590730405	0.0
0.10931722734733396	0.3467880508131135	0.0
0.143291458017821	0.24840317107484652	0.0
0.12193037682936242	0.22981273608786798	0.0
0.10096332031534033	0.21776173281229522	0.0
0.048995977931828694	0.08810907374145077	0.0
0.18186530585684127	0.2855034846523642	0.0
0.07471142257786717	0.2123942207189641	0.0
0.08010355942556208	0.2519159572221214	0.0
0.12915864869188404	0.3561063427889098	0.0
0.06538860319534717	0.1829714450910955	0.0
0.1286831118621818	0.3163127395460137	0.0
0.07310296338460215	0.0953879287007709	0.0
0.2103188781950547	0.19622892890296173	0.0
0.16001672984145715	0.201075430426057	0.0
0.12046781479075225	0.23601116563048066	0.0
0.12308903668635762	0.2440449112021832	0.0
0.1440664447816415	0.2903457936769417	0.0
0.12292762810037355	0.2814622462267	0.0
0.06070533869168854	0.0240853033864053	0.0
0.1785287884717996	0.32342415916330663	0.0
0.06436558739438947	0.15912905272374056	0.0
0.1016059920372544	0.26398250138694174	0.0
0.16011359444138834	0.3227489708261314	0.0
0.1806776689901152	0.23927757333509678	0.0
0.12576976580393945	0.3061443730524367	0.0
0.0824284909122659	0.17984524090985735	0.0
0.168540483054578	0.322597827152824	0.0
0.09118948648224057	0.17794795896751986	0.0
0.09607761835892126	0.04980408390259583	0.0
0.03517259439115955	0.21798823845001922	0.0
0.08040820704585194	0.20058443084366612	0.0
0.033590799289985485	0.2085938017809222	0.0
0.11445131445021756	0.2638848198429262	0.0
0.07228296823755836	0.15734414797442137	0.0
0.14144624599004307	0.389441060098783	0.0
0.14491467280617748	0.32869857919575907	0.0
0.10954198870966098	0.3056175215469235	0.0
0.09612141241748967	0.307663400772319	0.0
0.10753930063891637	0.18740113806605538	0.0
0.19882536157570402	0.3793500899737128	0.0
0.08093631716774008	0.15718777366520126	0.0
0.15703803536656186	0.29766889544495145	0.0
0.1232876658286654	0.3594062132431336	0.0
0.1621072809549542	0.3008685043527866	0.0
0.14906837159442243	0.26413633983985974	0.0
0.14606850767654012	0.21093816539713178	0.0
0.11418548060638545	0.26230579849674757	0.0
0.04425445989516613	0.15961371671713626	0.0
0.15734599372231745	0.3193008939510523	0.0
0.10995375121805928	0.29758511078968775	0.0
0.16521818204602717	0.2657001461741225	0.0
0.14965797651058077	0.2865463174369876	0.0
0.15759000833083	0.26934005407595935	0.0
0.14956590368459333	0.27828917242796924	0.0
0.15976051340102143	0.22672637282850558	0.0
0.12354215677921271	0.15677512760564222	0.0
0.10362929130077098	0.27302699030329736	0.0
0.10177277825953285	0.3177081601924364	0.0
0.07764468806367536	0.2526458022530298	0.0
0.19383218109735326	0.25369789982737234	0.0
0.11900574476049208	0.19113495354174068	0.0
0.1503020354355571	0.450435308233343	0.0
0.16359716614628522	0.2268847662471283	0.0
0.1399143695042403	0.35418203708672114	0.0
0.10639412040883789	0.2246821578470315	0.0
0.11413527839043203	0.24718316308813343	0.0
0.17502773483483575	0.3050010368453304	0.0
0.09425282567031223	0.18481823193976243	0.0
0.12603529537380126	0.23938455756463456	0.0
0.1137937106916096	0.2695160869405126	0.0
0.04939806957576942	0.1097733833218828	0.0
0.19481485889177083	0.26132241140574775	0.0
0.04210409355714528	0.15343285970734	0.0
0.08801102162858682	0.22504051777854292	0.0
0.1182669655483285	0.3218985768443655	0.0
0.1331889141432861	0.25248277524512946	0.0
0.10549325374320806	0.1365623714900569	0.0
0.10114167448217637	0.2983868841895084	0.0
0.1271878030721464	0.21300310015336707	0.0
0.08989522468554095	0.21503545433416069	0.0
0.09395382892621795	0.12283208999932049	0.0
0.0974564674856363	0.1167131762001628	0.0
0.07200278216934436	0.26107516870940195	0.0
0.09743738856094702	0.2775072789536723	0.0
0.05918819896550931	0.15918054854280234	0.0
0.1848923826978371	0.30005750220038324	0.0
0.17832180010889948	0.2089434090552325	0.0
0.20060443454914892	0.2891270093248389	0.0
0.10412734046493793	0.3933038632984885	0.0
0.13609146658598853	0.2713606619911747	0.0
0.1313406203062531	0.2145773486421435	0.0
0.1595318124606558	0.3896247414696997	0.0
0.06400046033664214	0.12894262035695458	0.0
0.15242025333793366	0.315231029053608	0.0
0.12722210873020712	0.2602405957345847	0.0
0.11302987287212962	0.20632144739536315	0.0
0.13413952832075343	0.18588107902021425	0.0
0.15906936003057343	0.3814280935960565	0.0
0.12644929835709146	0.29837877968124793	0.0
0.13043708861295317	0.23067316079069825	0.0
0.07230144976906955	0.22824174238469375	0.0
0.1336113608169172	0.3112352537661162	0.0
0.1171420134777838	0.14568655498731586	0.0
0.11186576304946877	0.2036625391943798	0.0
0.1280203623056972	0.3248625453070616	0.0
0.13962786290701368	0.1287916974324671	0.0
0.12948205636508764	0.23446169583369672	0.0
0.15696035877073716	0.19223505844312455	0.0
0.05845417164829275	0.25255788373946075	0.0
0.15362192775279684	0.3320539049140643	0.0
0.0718875514737693	0.16435048559581716	0.0
0.1749154596528195	0.2672840926686381	0.0
0.11749849800062612	0.20356980299903665	0.0
0.1734292056030394	0.3096545171691808	0.0
0.07642078096250687	0.24711343060797827	0.0
0.10999289620041047	0.13387641355278196	0.0
0.16182348657089596	0.3447013591942908	0.0
0.0811905400684943	0.11085139091714036	0.0
0.09662287484470239	0.1854650590221775	0.0
0.12822238223224353	0.10681778666650626	0.0
0.12069047095028779	0.3540475399544637	0.0
0.18894860642405223	0.33914170870936045	0.0
0.19189770210967577	0.3242265708671093	0.0
0.1275170836812533	0.26224059189969046	0.0
0.0878361138328283	0.3623160519668892	0.0
0.11211534007562357	0.2643259390228243	0.0
0.06534175284659466	0.19569375141914597	0.0
0.11503129002395412	0.17438063564269762	0.0
0.11583576092481113	0.24605827356862628	0.0
0.12780518825227127	0.2204191968430939	0.0
0.10501743513335116	0.20095308136911555	0.0
0.10494045381731537	0.30626155590850407	0.0
0.10494174041016652	0.17513054427909464	0.0
0.10301541139306142	0.29412289536743375	0.0
0.1454060634228636	0.3105021599672303	0.0
0.17796172374997063	0.17304255682729974	0.0
0.11606673975856807	0.3899384476466591	0.0
0.12899624052589248	0.2347430461082915	0.0
0.10522981220634714	0.17236761385932609	0.0
0.08626492250202616	0.24357316211798405	0.0
0.19459439978609638	0.3158798179692176	0.0
0.09560640691105299	0.28111231462468617	0.0
0.06062827554736572	0.2463695193107813	0.0
0.12455898145380306	0.11984016773779121	0.0
0.124864019022285	0.2999343158687733	0.0
0.16482725032566	0.339602393904988	0.0
0.08843324602065267	0.30514219525137154	0.0
0.14491909978425144	0.23972029124651165	0.0
0.11982055558082033	0.27119267661497204	0.0
0.051282244973376634	0.2355335077383841	0.0
0.11309087627457198	0.1948257245585367	0.0
0.07273109927224491	0.1655286590082839	0.0
0.1588542425705126	0.2646214711455529	0.0
0.05316913469188628	0.14330201488351624	0.0
0.0653366418610078	0.13243529035714413	0.0
0.12590459132898235	0.33807164014453855	0.0
0.1454822570931772	0.22315342981455724	0.0
0.13629364145730954	0.27253431920797827	0.0
0.21883099967264225	0.41833742848618394	0.0
0.18639152819789992	0.4001986598528862	0.0
0.16573435349038387	0.2908074626570526	0.0
0.08174290060816464	0.1772202685493708	0.0
0.14757402435696088	0.2044770760332822	0.0
0.10542939769874726	0.2817968799039333	0.0
0.09963219112365623	0.25138517214030964	0.0
0.1219469669475351	0.2639391397395646	0.0
0.20080954278730245	0.2613233835334916	0.0
0.20440011157879992	0.3771357570397275	0.0
0.14829448883271273	0.25835331546003437	0.0
0.1554391193542342	0.32299864178764326	0.0
0.010999541894904763	0.15875144601052854	0.0
0.10915678774927007	0.2579238951632463	0.0
0.09514118547180739	0.3101443544902651	0.0
0.174287077038487	0.35903954247006414	0.0
0.13188849495186877	0.33534751713388444	0.0
0.1623286912430979	0.293301080140217	0.0
0.03093430345085174	0.18810930454480057	0.0
0.08861308764758474	0.2719630008861377	0.0
0.033160657957999884	0.2121262249181351	0.0
0.11371755151071372	0.31258995965993247	0.0
0.10081990234894261	0.3334044990592234	0.0
0.1620347756234862	0.403127501538722	0.0
0.10691268053549258	0.20620016284142248	0.0
0.10612068134772634	0.2484339783382965	0.0
0.10347479673991722	0.32022062599663714	0.0
0.09216958255311575	0.2419490169342105	0.0
0.12937770378727348	0.41447634266192546	0.0
0.14373017157090628	0.1637651719404678	0.0
0.1740873395527908	0.307199586502061	0.0
0.15363747804578826	0.36354235414362823	0.0
0.14010283619255148	0.21177249195836173	0.0
0.1332697906955262	0.13763165898770968	0.0
0.12205894769841119	0.319834094783766	0.0
0.1550754313382038	0.3222504498315364	0.0
0.03578933791340283	0.2489785315045003	0.0
0.06042931626121095	0.20094236093240259	0.0
0.11347046028605545	0.23640109320322938	0.0
0.11282663454471903	0.2918976458130874	0.0
0.11797092452104135	0.2250492397403805	0.0
0.035654148246696715	0.12778823468979006	0.0
0.12208072812364057	0.3186749041592913	0.0
0.12538099469535402	0.2643809084721841	0.0
0.1095800771105751	0.20383673978372444	0.0
0.08994703884978006	0.12042045154669045	0.0
0.10359720597426347	0.24704263773380292	0.0
0.1348605293585899	0.18857136544247788	0.0
0.1282380317630022	0.3230571716556975	0.0
0.09743348345591174	0.23418655016016357	0.0
0.2059625359494112	0.33238370063375805	0.0
0.07030941810377606	0.1856393256261151	0.0
0.1256091216240129	0.28476396155004324	0.0
0.16430620833731846	0.2031402015953618	0.0
0.1548240054140282	0.25453479448491634	0.0
0.1486771265922213	0.35321470935855975	0.0
0.16827432973978715	0.23801100428461722	0.0
0.10464162782610281	0.26542817218516124	0.0
0.13659971737899695	0.4073737618322963	0.0
0.1399702748810922	0.24736168715389295	0.0
0.1587573218552847	0.3916035914191679	0.0
0.11844823447298103	0.1866885832766306	0.0
0.16655301073569634	0.21062331794782665	0.0
0.15085124099789982	0.3196659102899876	0.0
0.1339306234381693	0.26235597402565186	0.0
0.19397211852264915	0.157897483547826	0.0
0.034462642931118226	0.045302802204313375	0.0
0.1723771014719874	0.19816132357131647	0.0
0.0948163686795348	0.12008928054241907	0.0
0.019794141008638355	0.19111863573775154	0.0
0.11114114890309384	0.3330641731717747	0.0
0.09675455321977172	0.2491256555188275	0.0
0.07387804049386182	0.3054041561953653	0.0
0.16956689151019724	0.30670296580646556	0.0
0.08825690282149212	0.2753522949113187	0.0
0.13807449136308492	0.2885250315462442	0.0
0.14388008906783079	0.28840582256303104	0.0
0.021343190051234584	0.09487918865576017	0.0
0.155483313879253	0.24251215503335344	0.0
0.1631345773530148	0.3214240739985993	0.0
0.14031545607847273	0.22855436259967132	0.0
0.14406548096179356	0.20644609944410677	0.0
0.10862139887889577	0.1622756316507986	0.0
0.21522681801803986	0.32174921639080484	0.0
0.07998903318490369	0.24800955596136726	0.0
0.1680731242624614	0.3564268714034855	0.0
0.1666896967863017	0.353785295513398	0.0
0.13808641544315126	0.3728517888955744	0.0
0.1484888343095486	0.22797594130438584	0.0
0.09748400341572366	0.24448197182735606	0.0
0.18216111971703974	0.36083711226051374	0.0
0.15866396045947173	0.33083402478143475	0.0
0.1377608972524908	0.24942350985048695	0.0
0.15465480995526434	0.34605679098340325	0.0
0.12206497095164853	0.22641770189437518	0.0
0.17844730287167035	0.2720259184945859	0.0
0.07735634655066581	0.2570462600896086	0.0
0.11413935525787394	0.2965461575965044	0.0
0.1176299996613514	0.2282551236612281	0.0
0.11501914537002389	0.15612787616875395	0.0
0.06031932120575123	0.11656661887596187	0.0
0.1119811097856811	0.33383284504006605	0.0
0.13466179857822452	0.3280051030726371	0.0
0.09030715877411244	0.23285666027640708	0.0
0.06427647688017218	0.23807663710869567	0.0
0.1064203633640623	0.2843387059019842	0.0
0.13824139996024337	0.20454668148610153	0.0
0.11609476368594601	0.2469976600331947	0.0
0.09663703706161675	0.2770487150749632	0.0
0.14220916639109765	0.2796622290388332	0.0
0.1371721180890922	0.3968503809256308	0.0
0.11359845047589806	0.3531308983259276	0.0
0.13340301804120486	0.30111384096499283	0.0
0.06860141970165629	0.19822526069994836	0.0
0.14730909583037055	0.30047278297215385	0.0
0.18899508516216423	0.421529555935938	0.0
0.10592659174827673	0.1984005600908865	0.0
0.04952720214898104	0.10429416680433218	0.0
0.14030173436557503	0.38455269296447014	0.0
0.10566081870143418	0.27679948688749895	0.0
0.19254961604755738	0.28909923737934173	0.0
0.060138338737674324	0.02932010925573586	0.0
0.20746444156526778	0.355825149623888	0.0
0.09117264345506076	0.24902344876878862	0.0
0.10796264663351662	0.279091142006923	0.0
0.12679753449992703	0.3653694302510893	0.0
0.06101132146868726	0.20017529393562467	0.0
0.14279662261032516	0.25087179972724777	0.0
0.12908451308448815	0.23745883800864107	0.0
0.11045791815760636	0.1618272890246204	0.0
0.14040005335500438	0.28825478500278134	0.0
0.11293757807382399	0.3400438999463155	0.0
0.14037111341576664	0.3426562561335461	0.0
0.10495674178518583	0.25194840995325357	0.0
0.10958381326961542	0.30789618396407625	0.0
0.10431858907046498	0.2675689186158564	0.0
0.1601776347303774	0.2646094218632133	0.0
0.12410431821365825	0.226571894945908	0.0
0.1783380350293028	0.2907560722330902	0.0
0.13887478892996324	0.2258604220738103	0.0
0.09444193824055402	0.1467853639437482	0.0
0.1949708181799583	0.4358333582584654	0.0
0.11913444160838454	0.20658975006024755	0.0
0.14573444322161078	0.3397641537863207	0.0
0.15361658674272796	0.3085847606320976	0.0
0.05157477829612289	0.12917760111874976	0.0
0.10183060715141484	0.1801262787960442	0.0
0.1309938757164385	0.2756749492781325	0.0
0.1198732056146462	0.23148928911819436	0.0
0.13058054431674132	0.2979295874342922	0.0
0.11088084732222447	0.35714961531137035	0.0
0.09083555345731587	0.3103711794196044	0.0
0.09753209961629655	0.21451542683980698	0.0
0.10750493479056539	0.370441850533951	0.0
0.11737755294673197	0.15459483568141458	0.0
0.06894215076512489	0.1819969102626002	0.0
0.09368059225551778	0.2011766886279472	0.0
0.06878486848308013	0.10166266537192697	0.0
0.16035237812425832	0.30584784439683327	0.0
0.12876159519450875	0.3048932510963835	0.0
0.14074622750314164	0.2277971989765015	0.0
0.11407004452963176	0.31280046100046566	0.0
0.12424765800927023	0.3403709421102113	0.0
0.06525610171179069	0.08050954094416513	0.0
0.11024229809046909	0.27358702260775974	0.0
0.10200045030083843	0.09628103164791713	0.0
0.16608492610483033	0.2659518711295557	0.0
0.07480690920965716	0.3078901937062323	0.0
0.1187598095935305	0.33603633942141353	0.0
0.16656283595522478	0.23926898122882406	0.0
0.10048417098074697	0.2517861135404924	0.0
0.10642229394489966	0.3528025673387051	0.0
0.10361750596969344	0.2948212294810576	0.0
0.14161744246593105	0.22159354468929104	0.0
0.11017221213643202	0.24491449902553122	0.0
0.015117884051812858	0.23819878305995126	0.0
0.04908702680259802	0.22223811947388292	0.0
0.05676239450374604	0.20891194981455807	0.0
0.12458245237416848	0.2213714536145532	0.0
0.08077093883109165	0.2601580433793981	0.0
0.09305923215520423	0.22747118326321342	0.0
0.15403228166835972	0.3500296911729269	0.0
0.0960888843906908	0.24338437981154676	0.0
0.0717744173145708	0.19655165931923269	0.0
0.11994569175731168	0.13911156019546217	0.0
0.03023141390003764	0.15780162225596994	0.0
0.1297185607899657	0.3248284921449825	0.0
0.10189846778166867	0.25928007458035857	0.0
0.18861405940280176	0.2578257041769333	0.0
0.23303602472773938	0.29465400846916767	0.0
0.1479061756539476	0.31224491193882764	0.0
0.13249660520589568	0.2529758096336605	0.0
0.03598736629864374	0.17051191421986095	0.0
0.07357112801725624	0.2656136784514041	0.0
0.08169941295703992	0.192859777422953	0.0
0.15880864000562842	0.27133573810650224	0.0
0.07434508150097952	0.3188046262656874	0.0
0.11815507574874373	0.28469987743714137	0.0
0.11709622269802888	0.27912144719555554	0.0
0.101420640298656	0.2290726332890218	0.0
0.08674240058463706	0.12103906078982996	0.0
0.1204193175015732	0.3596541662323121	0.0
0.15289045856221	0.36107571544276496	0.0
0.12293766238891363	0.23141396576418394	0.0
0.134191553451325	0.21926419561395402	0.0
0.16646285849751857	0.3210938496443153	0.0
0.03726421526217771	0.18693854116060657	0.0
0.12198025454899863	0.10810006459543037	0.0
0.09940029196853428	0.2428309461282578	0.0
0.13757978023901657	0.2957165581793729	0.0
0.10136981776140569	0.3602812490077305	0.0
0.03551288689521043	0.06647729657817714	0.0
0.15019282050024485	0.3677417489423045	0.0
0.19339536702254112	0.2830477492724536	0.0
0.08862178064638965	0.13448484732846616	0.0
0.13488702103947048	0.3113920225793263	0.0
0.06669998546866601	0.2094229511966225	0.0
0.09370651610662195	0.17514133583370078	0.0
0.09088671181303964	0.29539332889737463	0.0
0.190388561488318	0.34370728567385705	0.0
0.09322648061556371	0.3126011110069167	0.0
0.18320895762859526	0.2003320000614374	0.0
0.05434847661753356	0.1405217719968171	0.0
0.12739663557503156	0.3757658229879252	0.0
0.1760413610365369	0.37830167146894594	0.0
0.07393569226874608	0.16655791713359025	0.0
0.12547985496917902	0.2911260677802685	0.0
0.14393039328444934	0.06626733316877331	0.0
0.017921289158706166	0.11101322240068556	0.0
0.05583359455372677	0.1917561609235214	0.0
0.06157839076882182	0.1837854326290503	0.0
0.07485996581582144	0.27606478382558497	0.0
0.16846938415596127	0.33075226746495606	0.0
0.1035032273936684	0.18835245657696237	0.0
0.09113621474151135	0.2865455293953394	0.0
0.14318196160775043	0.3164949826609673	0.0
0.07015778921806554	0.23239762684448245	0.0
0.1800981650140996	0.28931375196070497	0.0
0.14517341331179745	0.28442872194946295	0.0
0.16045537820670633	0.34626167183760553	0.0
0.08711859089986296	0.293478327228041	0.0
0.09603784724849163	0.2538428761786976	0.0
0.0482560552939057	0.24315639018007068	0.0
0.08979711663090878	0.27856960600643504	0.0
0.14139631135636843	0.31861945416973936	0.0
0.06676559934896825	0.20664552512964027	0.0
0.13451872804307996	0.27480290660756407	0.0
0.043557065558390784	0.15269524629500247	0.0
0.1435039295052441	0.12058191191523887	0.0
0.1697996795580083	0.2052333676362649	0.0
0.1623660354145851	0.2706848007292374	0.0
0.12567327647823634	0.2087316538447426	0.0
0.14675351036081935	0.1466689483243107	0.0
0.13283037892941124	0.27770660053783786	0.0
0.11258800085377751	0.2017033500035312	0.0
0.14167068134998534	0.33238592351944835	0.0
0.13588708916050635	0.3542243612154319	0.0
0.10609552748376283	0.1723917913914299	0.0
0.17422622446727726	0.46324856953858984	0.0
0.10350156669758304	0.32359619702534853	0.0
0.04306598259358385	0.3260268569744602	0.0
0.06587109131332425	0.19572183121557438	0.0
0.15207116276067445	0.28520621786657924	0.0
0.18140746716839568	0.28324760110358493	0.0
0.12842239537054984	0.24386352882667023	0.0
0.14033164275226762	0.3637449088592596	0.0
0.19055114892414388	0.1675113801566459	0.0
0.12080161499788167	0.2581232316304185	0.0
0.13085883867204756	0.305665159380805	0.0
0.0732161317855663	0.26728090155010553	0.0
0.12197988681689037	0.12196297395713607	0.0
0.11955270789809974	0.3546637318255035	0.0
0.08536522658791834	0.31889621530508816	0.0
0.18920447243560254	0.3583421728281344	0.0
0.1682035405073841	0.20457271766916077	0.0
0.15265706154276135	0.16939039099336156	0.0
0.13396621382156126	0.276690183216642	0.0
0.04616549479869525	0.258835262303003	0.0
0.057860612478691176	0.2038850383953928	0.0
0.0	0.13020937558817558	0.0
0.04894676505004736	0.25269731820768354	0.0
0.10861526349406564	0.28413144362039466	0.0
0.08148116559126517	0.05772569891485457	0.0
0.07007514917729751	0.24910496085386205	0.0
0.1564350715421782	0.1736554976310981	0.0
0.10257731592506097	0.10524650319247647	0.0
0.19944902690644437	0.2820161870051153	0.0
0.11365243302050537	0.3076942444917571	0.0
0.0668624500536264	0.2475138152407886	0.0
0.017742434757321124	0.20595014527309813	0.0
0.16284766553577512	0.3776909053322823	0.0
0.12222005742010938	0.21600760315779666	0.0
0.17299501287736327	0.182841685592029	0.0
0.20950027688483286	0.3664070674901928	0.0
0.174494161409521	0.198043784462223	0.0
0.04179067266507791	0.16184144080672092	0.0
0.13001088281083312	0.25932445273150884	0.0
0.08251876322795537	0.2917871783035241	0.0
0.09393612068632745	0.3094557816966715	0.0
0.10873533121795453	0.11085953994911724	0.0
0.021582277837476682	0.07008322770139647	0.0
0.11923837743634624	0.3475441283382788	0.0
0.06481558250095826	0.11844054560955264	0.0
0.08066951847174797	0.20621571961889398	0.0
0.08168306192059527	0.20584381549940164	0.0
0.20155713631366332	0.3590452194802208	0.0
0.09531122062005498	0.20201822749125561	0.0
0.12390742525026621	0.21465815594806675	0.0
0.076325000883253	0.334318003898703	0.0
0.7442839075151214	0.45430009435443647	0.25
0.8854077752943403	0.30366530082006216	0.25
0.9014134148026237	0.3645051897282829	0.25
0.8166155460550002	0.09828729894514077	0.25
0.7545553297259309	0.3906181694936843	0.25
0.7340646934460009	0.403690303442903	0.25
0.7936054037285922	0.36110828478730533	0.25
0.7352071827746014	0.3457680093612198	0.25
0.8384071585199848	0.3326004599915331	0.25
0.8678945098140187	0.30824775376147795	0.25
0.7363659731917165	0.527263444730381	0.25
0.8301082758310978	0.41850871447257976	0.25
0.6614565189647903	0.42657237239507295	0.25
0.6765125154701908	0.1179529762845315	0.25
0.6934149928788285	0.4631655453010828	0.25
0.8304646268103351	0.4609588779295707	0.25
0.8628466178757908	0.32711369625487596	0.25
0.7828787807756816	0.25591893728900794	0.25
0.6948057764216695	0.3237087735995511	0.25
0.7060464543779572	0.4650438070118294	0.25
0.8780790899325899	0.29057500949555426	0.25
0.6767719764489042	0.2819338134647724	0.25
0.8548518061616863	0.207662751086419	0.25
0.8413321192737703	0.29271617948085304	0.25
0.8481689460938513	0.22916010857784383	0.25
0.8206196734237579	0.22051914052716876	0.25
0.7327206221940218	0.4770987894494814	0.25
0.8499521278119899	0.33748285045362886	0.25
0.8817484871037974	0.3349766949281395	0.25
0.7491377163065595	0.45178634980478916	0.25
0.7303813565899668	0.4819866495625498	0.25
0.7539264438443656	0.5192032701221155	0.25
0.7390008060473466	0.43440353465404075	0.25
0.7536264684768792	0.354384196364924	0.25
0.8282764801776701	0.4214280617656117	0.25
0.7970963208284919	0.19940636615961357	0.25
0.7984240157805573	0.36807098306502795	0.25
0.7653959331082005	0.2951244852622074	0.25
0.8500773897668066	0.2511662874333187	0.25
0.789444298713565	0.48237346693462835	0.25
0.8651717949374997	0.32890556582313113	0.25
0.8321601108299177	0.26357511149024976	0.25
0.7419929098911722	0.4724913861341644	0.25
0.8487089264577989	0.23290850356185488	0.25
0.8832044396553898	0.1430919045315837	0.25
0.8687618473828411	0.41933052913913443	0.25
0.8023559732459888	0.2266232050940996	0.25
0.7887309826524638	0.20630695098134766	0.25
0.8383989177932092	0.17274360291467727	0.25
0.7660267144318256	0.1807403999160656	0.25
0.9476442851509378	0.36670813108854927	0.25
0.7906152893062728	0.5339506456030181	0.25
0.6798117085315472	0.34905217373678915	0.25
0.8167061720586579	0.3619113864715392	0.25
0.8294498681283797	0.32402568399425746	0.25
0.8465789618868618	0.3943406082115612	0.25
0.7883922114378901	0.4247447076597424	0.25
0.7324189843614493	0.3906063596196371	0.25
0.7850424421400302	0.4023373177711271	0.25
0.7383611035894395	0.3865986375197593	0.25
0.6746665225668034	0.5018005064289183	0.25
0.8802191749118266	0.198881912390466	0.25
0.8001212840267276	0.3175116864040122	0.25
0.8455574685369212	0.3631711087867723	0.25
0.9999999999999999	0.3344171458892554	0.25
0.6813027003800042	0.20916167905783384	0.25
0.8580640849868595	0.442157575652398	0.25
0.7607827768018802	0.34941712977595485	0.25
0.7142395322264278	0.4321450714403573	0.25
0.8345998049382837	0.025395289863187898	0.25
0.8016996643118006	0.3496429746166655	0.25
0.8104734135386711	0.28154977969235084	0.25
0.8600222706011417	0.47309401685588315	0.25
0.7545202719774257	0.5163226873437846	0.25
0.8710142361886477	0.3873789914967668	0.25
0.8125582874014783	0.38136750450853907	0.25
0.844102902026245	0.23850387303621848	0.25
0.7826058842111925	0.4479686228943704	0.25
0.8185654033605569	0.3316745689620003	0.25
0.7602005167107295	0.32164254311572915	0.25
0.8279316510308832	0.3503557193369724	0.25
0.7510948756162652	0.3800132236492726	0.25
0.7530176648439864	0.36885190527112965	0.25
0.8278752697738265	0.45835361537818764	0.25
0.788724992930963	0.3148523729834306	0.25
0.7437690486109285	0.31857011850122663	0.25
0.9308687568683877	0.36903492769941526	0.25
0.7158542432311061	0.427793326197454	0.25
0.7752125916371888	0.3133501133638544	0.25
0.8355100377944867	0.16823292419493263	0.25
0.7898192401448103	0.4123268871655673	0.25
0.8310088294894526	0.5027362219152063	0.25
0.7697624871642126	0.4616640832723568	0.25
0.7664049502015036	0.3105183210718406	0.25
0.8718985192893625	0.24767920963029905	0.25
0.7328232983173832	0.3795627713559719	0.25
0.8158134149642592	0.2866457329905577	0.25
0.7374074285206946	0.41231547511320443	0.25
0.8432860069310202	0.21552750670469842	0.25
0.7872228650537986	0.32745045981806914	0.25
0.7031829366866057	0.4039476796906043	0.25
0.7795869101148323	0.452363223361692	0.25
0.7842309747839021	0.49752791723552914	0.25
0.8857240008641697	0.3118579674370637	0.25
0.7619954076069586	0.4991901524395581	0.25
0.6886247720365929	0.4243076429467166	0.25
0.809090847704683	0.18628685686405236	0.25
0.8345231120896126	0.3602985271648987	0.25
0.7200350026010753	0.49807548875499075	0.25
0.7076511605867171	0.4614964464501608	0.25
0.8442933419893206	0.41398480918801395	0.25
0.7823947561059048	0.31952023554708975	0.25
0.8677400078765669	0.2903574899866823	0.25
0.7988204765281017	0.4157710581843268	0.25
0.8595020781262495	0.327437482841634	0.25
0.8036698169150228	0.25881396995454453	0.25
0.8336488683355525	0.28015110352469014	0.25
0.8145336844449372	0.40423596016843816	0.25
0.8514675373629212	0.2763890839708369	0.25
0.6739688563081461	0.3774905982510851	0.25
0.9428757176033133	0.24333581824919703	0.25
0.7880171027355268	0.4992194544341436	0.25
0.8358479643205794	0.39218045763031784	0.25
0.782313886372215	0.37082337331043286	0.25
0.717788577172044	0.38617268459230325	0.25
0.7911567551906487	0.45636647364074245	0.25
0.8067802935911151	0.3928036889426615	0.25
0.8896541108467799	0.3991763408259924	0.25
0.8259136706035285	0.2802557959835067	0.25
0.9294318009333893	0.3348018421143681	0.25
0.7161870091067652	0.40443634981498827	0.25
0.8034472041789567	0.2514261954353781	0.25
0.7850542065538079	0.458395065260799	0.25
0.7899458547793423	0.2423908229359466	0.25
0.6558079026987043	0.0694682179297687	0.25
0.8785122243312294	0.3337495586915509	0.25
0.7359887720675167	0.494361162265047	0.25
0.8028883732017527	0.15282666576613146	0.25
0.8542372659957553	0.36091035739841787	0.25
0.7709246968616349	0.32509088112317197	0.25
0.8210266457720271	0.2517635601608428	0.25
0.8661940642029233	0.20084005875468505	0.25
0.9133714596074578	0.1617488206090581	0.25
0.7689273243938897	0.23823777033773133	0.25
0.8130945823507092	0.40844482799156795	0.25
0.8782124104729986	0.212495837956625	0.25
0.8419172445470948	0.28779117990653	0.25
0.8560862422227279	0.15674405425677068	0.25
0.7596366347014095	0.220217494384311	0.25
0.8027104173837574	0.4314692454722305	0.25
0.7945474187108617	0.37678486054293736	0.25
0.6961938375265206	0.3671587748614658	0.25
0.7786583635471989	0.46611213631618104	0.25
0.8057885292106979	0.31990664290523757	0.25
0.9071724371514829	0.3747167867811847	0.25
0.7278087100943403	0.44638985771264944	0.25
0.8797627222703572	0.37623784293308327	0.25
0.8875454251734578	0.30067227622099163	0.25
0.8635810436984894	0.2325945301054485	0.25
0.8156899203209165	0.29997605727997245	0.25
0.9214804380066232	0.34402232832043395	0.25
0.7982820286075631	0.16582116287423138	0.25
0.8666828682976465	0.29885671153475646	0.25
0.8213045863168066	0.41450206791837785	0.25
0.7606238677665503	0.2237628526323685	0.25
0.8755213697911399	0.21356962203300903	0.25
0.8201810966179663	0.2944382026356902	0.25
0.831734098589003	0.34403848044443275	0.25
0.8451138858690317	0.28594911176574794	0.25
0.8435648640401021	0.3375574055973863	0.25
0.9209367764955586	0.3520525445596355	0.25
0.8432807985746738	0.24766914087476516	0.25
0.815159158705333	0.3101595524023569	0.25
0.7668674174719468	0.20955394425690513	0.25
0.7767608561089938	0.22249901823587206	0.25
0.7696484286129024	0.43783392786633085	0.25
0.8358476560845176	0.22888864323949554	0.25
0.7752657804542129	0.3949819761797994	0.25
0.7307181854254062	0.37430023011575897	0.25
0.862004967214153	0.20724030702342852	0.25
0.7675166579873934	0.40915430526417607	0.25
0.8252405276987704	0.11280429134764686	0.25
0.8219699069854689	0.2789565252489731	0.25
0.7561606980962886	0.33610982676451584	0.25
0.8772907955845185	0.38186619605835115	0.25
0.7352092629466164	0.3622428673433053	0.25
0.7144150434298278	0.411815869531291	0.25
0.7622333598715199	0.20012706070886938	0.25
0.7636080477510281	0.23558433539906656	0.25
0.7767897557155978	0.3357364180573734	0.25
0.7900519528560768	0.20471235325426151	0.25
0.8162145107896142	0.24923973696990795	0.25
0.7833473273896527	0.2265997724602278	0.25
0.7146807263186961	0.2893276219498224	0.25
0.7887206426101052	0.24785840825296715	0.25
0.7920934772107633	0.4644391366462175	0.25
0.7442804989063854	0.385311684801618	0.25
0.7501668419200861	0.30558796330809035	0.25
0.9061679479498367	0.20295612997935644	0.25
0.8790413292043112	0.3050429511737571	0.25
0.8798813013000306	0.2555413116433861	0.25
0.8014288198935009	0.30161786521551937	0.25
0.7198129037641825	0.43899899964200206	0.25
0.8814105005903106	0.23973183585295457	0.25
0.7634328429501356	0.4657758473505398	0.25
0.8029151835735489	0.35191376581008876	0.25
0.650007700498552	0.4013512318791505	0.25
0.9440348926578847	0.28023462032310914	0.25
0.6813228555162953	0.16547567946213226	0.25
0.9136909605636718	0.3503771148206748	0.25
0.7755666990820778	0.3626878233132428	0.25
0.9356786422833147	0.2528745173382261	0.25
0.71114528997097	0.49718288942072675	0.25
0.9212925785333262	0.2256747258195894	0.25
0.6469984593682654	0.3566551194755475	0.25
0.8666726343924411	0.2529512837023852	0.25
0.8788007795128001	0.341320450588041	0.25
0.8001149311066444	0.2293273736034874	0.25
0.6906670174338343	0.5253827277739912	0.25
0.8195525849453009	0.10655078189015638	0.25
0.8335816050060672	0.25540389604528024	0.25
0.8343947704839783	0.37860374472006025	0.25
0.8885576551000676	0.33167311319350523	0.25
0.7477553549104963	0.3825823499750261	0.25
0.7200788250026932	0.4276667655535529	0.25
0.8194027337981786	0.23753131610149034	0.25
0.6623674756611471	0.4545020928518861	0.25
0.8837475276656687	0.27093467779411945	0.25
0.8702928311830892	0.23674913872725944	0.25
0.8763855030707306	0.376879798297044	0.25
0.8104711507592022	0.4169175580536113	0.25
0.7032949290662995	0.3910297334212621	0.25
0.8481090306673276	0.4791526248942687	0.25
0.8317695010402799	0.4189019042125993	0.25
0.7690361078782288	0.20616729278958415	0.25
0.7960073153115468	0.2936062220037121	0.25
0.7999877696554882	0.32360385160796906	0.25
0.8369647348791833	0.16725359459081734	0.25
0.7758812302442593	0.3521945396514426	0.25
0.8237792694026811	0.41756083551178513	0.25
0.8547473511325415	0.35688642208168825	0.25
0.7353004669109802	0.2067495414625944	0.25
0.9522744497996721	0.3421870020646511	0.25
0.8452393537524505	0.31268301824171046	0.25
0.8725246548661507	0.31206268477868115	0.25
0.7728295400576943	0.19967592117237046	0.25
0.7048114431277597	0.32525038536225437	0.25
0.7470596861133915	0.20444157275871525	0.25
0.7721543311855021	0.25341216373159503	0.25
0.7269932122493077	0.3465480073539833	0.25
0.8321256622749791	0.2964679378567535	0.25
0.7134777399515824	0.062499224989908064	0.25
0.7799824871478811	0.2714804735624743	0.25
0.9151711419722691	0.22256976720919755	0.25
0.7559038763057594	0.4258814128270394	0.25
0.8394577833357818	0.38319128826266236	0.25
0.7919117598255562	0.18320076811866046	0.25
0.7993621696385548	0.2951561098438078	0.25
0.7647852686304915	0.4270402898922417	0.25
0.815803511360577	0.34000438779722286	0.25
0.7077316119629029	0.5087208308998511	0.25
0.8680360067600055	0.4085675763654504	0.25
0.6722990913993325	0.4019033232713911	0.25
0.7910876576477675	0.04645824876379229	0.25
0.8043568114887419	0.3686423888871871	0.25
0.745645214611893	0.391192689742109	0.25
0.7501041575682422	0.20385197318065307	0.25
0.7876625473238948	0.23513268267314946	0.25
0.7917596668705296	0.37613678842929116	0.25
0.8155902584123731	0.3736929792091781	0.25
0.8657497669150895	0.33752946767819947	0.25
0.6872052992132285	0.29231883354647903	0.25
0.8934449207169355	0.36670505845014567	0.25
0.886950092021431	0.27088927757799464	0.25
0.7357861531864849	0.4341848843142715	0.25
0.7764574210266215	0.5237862979956636	0.25
0.8140261473065239	0.2115486289451091	0.25
0.7761940260752647	0.25823826441825937	0.25
0.8002165443444573	0.43191528396344875	0.25
0.7804945949283904	0.4785590272671106	0.25
0.859444084920927	0.4162254079817874	0.25
0.7923334663736112	0.2060118243620283	0.25
0.868157127229054	0.2541132162835409	0.25
0.8241992803080584	0.2237678613826114	0.25
0.7861749634476056	0.3954987017768072	0.25
0.759950123062096	0.2865958924406683	0.25
0.7295063668284055	0.46215235391593534	0.25
0.7792349950974218	0.1942679817322322	0.25
0.9056247465719681	0.19581401669016565	0.25
0.7060597797691053	0.3306772040812769	0.25
0.7630713791444124	0.5262058478950131	0.25
0.8028610515607898	0.33285326004283355	0.25
0.8730584768688143	0.24046861574980216	0.25
0.7488265202055844	0.2988487554132623	0.25
0.820556836314787	0.5475971921658929	0.25
0.7917728484489854	0.38733575686927524	0.25
0.7255892531157218	0.3859841662416066	0.25
0.8762408191305029	0.4683806929293722	0.25
0.8836950758403102	0.3448081480647753	0.25
0.7743627340223636	0.23830347902801474	0.25
0.7748050829965465	0.4809726354569561	0.25
0.8273120289114928	0.21004675964340963	0.25
0.8147457566260841	0.24499635010594342	0.25
0.6882660834357837	0.4485468363386575	0.25
0.8584618229684939	0.4554937575093849	0.25
0.82349920807284	0.3258301087495361	0.25
0.7715057585723748	0.4701417196410449	0.25
0.8357774846359847	0.3961524345454024	0.25
0.8435099079450044	0.1936907708382025	0.25
0.7676594989663016	0.3519223011495109	0.25
0.7550658953939664	0.45056080125232656	0.25
0.8090655706512497	0.401859586798827	0.25
0.7488045791905029	0.3378014717528129	0.25
0.8273072088233	0.5695495576463504	0.25
0.8737293358478901	0.3043801167864263	0.25
0.8862810663474755	0.170610376261762	0.25
0.7515643172822357	0.5404781869276896	0.25
0.8153748909738332	0.30487775331197575	0.25
0.758727711105965	0.41018667599600145	0.25
0.8464240472510252	0.27487390848839055	0.25
0.7815919258373976	0.2488481011927335	0.25
0.8262374462189255	0.32840176153760886	0.25
0.816090519025924	0.26536672065600553	0.25
0.797299651310478	0.4321128006706989	0.25
0.8272060005270737	0.515335021492328	0.25
0.8251199478307949	0.2554421487837726	0.25
0.8359071528716386	0.1320334971749963	0.25
0.836973260153993	0.3334173992322445	0.25
0.7120858450154507	0.39176462428847936	0.25
0.7772747861177449	0.3398308998326258	0.25
0.8408621661262421	0.14755150911142162	0.25
0.8097613497333032	0.30177145908067227	0.25
0.76951493895608	0.26373794799028955	0.25
0.7611915896268308	0.16589404155365384	0.25
0.7367181383750289	0.38395608264835396	0.25
0.8007818500177508	0.2856513688265004	0.25
0.8385198867854975	0.264327694509656	0.25
0.9113712905520909	0.2910559167518033	0.25
0.8437457440522949	0.3915924738380699	0.25
0.7498451068299066	0.43922655647475906	0.25
0.8082719369237968	0.48181532582631803	0.25
0.81350111684438	0.2866779485012869	0.25
0.8366555153948765	0.3739857596166338	0.25
0.793826590817357	0.1894875949584099	0.25
0.7773524109668297	0.45122109515010844	0.25
0.7480838537734562	0.47536791371566856	0.25
0.7558424387277624	0.21620168715165705	0.25
0.794931974232576	0.31986436359148007	0.25
0.6960066802387843	0.488537656580816	0.25
0.7691797714446686	0.11042853580320156	0.25
0.8317133150846852	0.5363575152922245	0.25
0.8159854964622874	0.34440972169341283	0.25
0.7797576924726933	0.48933962854385044	0.25
0.9020002327245227	0.3348850868085553	0.25
0.747128423398223	0.362304521319997	0.25
0.7946619527407295	0.4295604706770988	0.25
0.7090657679801737	0.47269933640052014	0.25
0.7273300373896701	0.26686202318756713	0.25
0.73777168535439	0.3303487627495658	0.25
0.7895834585373243	0.4519478146773616	0.25
0.8668175971733854	0.32688966587458745	0.25
0.9601701133532103	0.26776257631746714	0.25
0.7671042854539765	0.4781165692009712	0.25
0.8489509765306705	0.4408383620598728	0.25
0.8889830308689648	0.18530052417557735	0.25
0.8348447728965347	0.4392366961625157	0.25
0.8110840769587317	0.3421921065039828	0.25
0.7563629231756126	0.34989999978764574	0.25
0.8305344262401264	0.37736802075068554	0.25
0.7096012047011726	0.3870252499708656	0.25
0.7306737524612217	0.4262694413318761	0.25
0.8156796507993073	0.452768328735792	0.25
0.973167151053021	0.327135345414236	0.25
0.7504424626397067	0.3590626771393615	0.25
0.7276564237446554	0.43202506059308265	0.25
0.9266734300731685	0.3526640654028378	0.25
0.7332972096605567	0.2881117136629012	0.25
0.8034352876814397	0.3667476657011652	0.25
0.7936443776174387	0.40980931241500484	0.25
0.7882195526895264	0.39028766481071087	0.25
0.6694647809422289	0.38415798159798714	0.25
0.7907129072537873	0.4108040827049923	0.25
0.8496117102364995	0.3124099087999768	0.25
0.9176055133977717	0.3870098649438119	0.25
0.8373499310394	0.44254150555853483	0.25
0.7910562553811147	0.3810639208236252	0.25
0.8703917208719112	0.2642432999498508	0.25
0.7232287291026356	0.374794476895469	0.25
0.822652510362655	0.36536159931564	0.25
0.8740699445105752	0.40684457925400264	0.25
0.8818208982604363	0.23794589580200334	0.25
0.8094437967018597	0.11284704923105121	0.25
0.8077894059483348	0.25566795647243534	0.25
0.8174880852661541	0.408769055741008	0.25
0.6754665293634532	0.35951039668139806	0.25
0.8934360777217071	0.30684072390739886	0.25
0.8845118890448083	0.021104664489283553	0.25
0.8638265133758045	0.4009279178548804	0.25
0.7189677307250272	0.31968148632028487	0.25
0.8971681024144174	0.15757751817687132	0.25
0.7321760965353314	0.4304993607336815	0.25
0.7407389088594029	0.3932867918366376	0.25
0.7304907732585277	0.48052569133443374	0.25
0.8036748111757208	0.1716572536658385	0.25
0.7568643771785982	0.2346306228000466	0.25
0.7940773539374528	0.4528363492363142	0.25
0.8230236382279095	0.04934638950453646	0.25
0.699804747753857	0.33214289846940875	0.25
0.7824946893758963	0.3802988619536791	0.25
0.7511473524856879	0.38241155861696674	0.25
0.6904523155416986	0.3136671736599841	0.25
0.8416600779230587	0.22319793577710662	0.25
0.8443583557475027	0.282384743541073	0.25
0.7911300156869003	0.31854852111288356	0.25
0.797826421590347	0.3088850172625332	0.25
0.7666185712567648	0.3683939441155222	0.25
0.8114143490401726	0.2383628882444755	0.25
0.8046933806521899	0.4542890952942526	0.25
0.7352524476102444	0.38350741340841044	0.25
0.8146681656506123	0.46312732559801467	0.25
0.8720228067681275	0.44695608747487403	0.25
0.8180570738384318	0.2575323495129251	0.25
0.8061895307634096	0.15105446964401104	0.25
0.7643041121610992	0.3440562858458658	0.25
0.8522214653451595	0.38826084592924864	0.25
0.76579285946623	0.41448214412385476	0.25
0.8534172965364681	0.4496243502129984	0.25
0.79931572104124	0.4372587849284756	0.25
0.8597560400423551	0.32453428630916803	0.25
0.8299228058702608	0.3563242944885443	0.25
0.7327752599299282	0.4623913601359724	0.25
0.7368126595028557	0.4176276187803634	0.25
0.7864677677831804	0.20730748155875617	0.25
0.8140149448670041	0.2865676036389917	0.25
0.9707035335913035	0.29704729350323494	0.25
0.7334795802933056	0.39504036980833745	0.25
0.8255177924101491	0.4044459365470914	0.25
0.7623781897467082	0.4266451438866126	0.25
0.8186974587108494	0.46521570725189315	0.25
0.8183716106256533	0.10617105828425882	0.25
0.7986066442492856	0.3980167710178252	0.25
0.697800076702805	0.34084353381540783	0.25
0.8396027390843576	0.30754517322558045	0.25
0.811398451411306	0.23026199447084025	0.25
0.7952868433514444	0.28063498842676354	0.25
0.8165312221901908	0.20139680048331376	0.25
0.8776363479450263	0.28509271542455394	0.25
0.8110859939204219	0.4634676597446201	0.25
0.8215314154656376	0.40842824577129433	0.25
0.7823384848361992	0.10855695266025278	0.25
0.8445801496851382	0.28431602340054296	0.25
0.8217948607031602	0.4035606620631789	0.25
0.7878684225145343	0.4196284170978214	0.25
0.8191759675202979	0.3222528268800087	0.25
0.8525885450585278	0.28808769409644397	0.25
0.8839137073959697	0.2528870676031999	0.25
0.8452416564310263	0.24155699542235567	0.25
0.6704868837722695	0.3870614892863471	0.25
0.900203793166908	0.1276804786707751	0.25
0.755018220423341	0.34877454941058306	0.25
0.8944987018794912	0.2261302825357262	0.25
0.7814771263485348	0.24976681299287207	0.25
0.8320949432400133	0.43373385960392014	0.25
0.810528746380764	0.5044847246608515	0.25
0.8649571979095347	0.20978796969119093	0.25
0.7091175204464207	0.276411223440188	0.25
0.8841305471688106	0.2834177829643632	0.25
0.8509933622940948	0.269767099907096	0.25
0.837574770289736	0.4527446902989496	0.25
0.8510115867833978	0.3106223354036186	0.25
0.7613044496302137	0.19387627246166558	0.25
0.7860659291881994	0.3524233343638939	0.25
0.8267334398270318	0.34822222944603204	0.25
0.8589655790473033	0.1781722787175589	0.25
0.6933470366563026	0.36473074037998815	0.25
0.8309362610498292	0.29453728854751127	0.25
0.8479378567151146	0.2146778745277509	0.25
0.742603459740026	0.3618688590003176	0.25
0.8482426311153155	0.23626173069102532	0.25
0.7469050924272997	0.24918692240692003	0.25
0.8985183743767519	0.25663291265009486	0.25
0.8471980742749556	0.39169329765904437	0.25
0.7920986003651408	0.43750285304243136	0.25
0.7981485761453133	0.38700613850735555	0.25
0.6381521045366272	0.4059075424033953	0.25
0.8304190615650446	0.1965881688266705	0.25
0.832855641501789	0.28560694911362006	0.25
0.7871986002500793	0.26603231707609465	0.25
0.8798003535287722	0.19590222311574038	0.25
0.7470259811529532	0.44416882317151907	0.25
0.8320118856850455	0.3817545177891206	0.25
0.7574434099270682	0.4489931893053738	0.25
0.85099108842011	0.355025044536005	0.25
0.7449619445924749	0.46198804063505394	0.25
0.7737629833051582	0.1667818038952572	0.25
0.8341297688216385	0.13459070014208518	0.25
0.7822770108690728	0.4308268689074069	0.25
0.7640773046224802	0.3927480336084809	0.25
0.7856760625585096	0.030489282402041906	0.25
0.7224002473938427	0.39797397297854453	0.25
0.3062032895093646	0.5256047816138655	0.5
0.3115581390646259	0.48021895237360834	0.5
0.31535424158506564	0.5479295572844652	0.5
0.3329029519114762	0.5687161687005101	0.5
0.32073218399350734	0.574330926659178	0.5
0.33277657173094943	0.5406465318173621	0.5
0.2715147694445884	0.5179029812037912	0.5
0.3592054322916459	0.5880163543197554	0.5
0.3281774952878239	0.6694899004263599	0.5
0.336581240050976	0.5236374916983132	0.5
0.33280675537923676	0.5920773578287905	0.5
0.2741088489663081	0.5192305562061093	0.5
0.3544283469822753	0.5126662507718278	0.5
0.30439793587456043	0.5065737247254984	0.5
0.3106326757466601	0.5131608357128665	0.5
0.29444984589033113	0.518359186196401	0.5
0.3278884825913136	0.5368310555154088	0.5
0.3444662746299692	0.3169370620716123	0.5
0.3471273849321131	0.566540184735993	0.5
0.33156172245884796	0.5262057753459969	0.5
0.356623338568998	0.6379974061944966	0.5
0.32664224355878874	0.6202886586396431	0.5
0.37971395104710653	0.30969929842330335	0.5
0.3606198587150509	0.4136421176790903	0.5
0.26199206223167243	0.5129138617816174	0.5
0.2823675138348122	0.46145563257653277	0.5
0.3177640365843168	0.5645673146875446	0.5
0.36714285200313906	0.5061624434474551	0.5
0.2971706604374967	0.5638524601217674	0.5
0.35144936238982366	0.4405569115039223	0.5
0.26602625971831795	0.48629906384400545	0.5
0.3151244956650963	0.5576174130025062	0.5
0.32156811115612066	0.5902438487475115	0.5
0.31584419122465507	0.5398788117550677	0.5
0.3290014011027889	0.550252561095369	0.5
0.34021742648078085	0.6251298796610696	0.5
0.30247669276937306	0.5274567644280921	0.5
0.31553542055902445	0.5755034012592182	0.5
0.3049779415729178	0.5228036701411375	0.5
0.31473509037900227	0.5406140271559283	0.5
0.30457586766584877	0.47179347178960296	0.5
0.32532700709156864	0.5508816554863261	0.5
0.31400789812403124	0.5858188856893354	0.5
0.3626286960506542	0.4816690986733598	0.5
0.2694746553759648	0.46213743629073	0.5
0.28831483827614846	0.5024641943531345	0.5
0.33436887932586035	0.5489698665204954	0.5
0.27240115765687833	0.6206949018953916	0.5
0.2584515339017024	0.4681516672739528	0.5
0.2824044442447265	0.5184684960408892	0.5
0.32568497215420644	0.4984683211192063	0.5
0.32103529401773423	0.5569328657604292	0.5
0.33997751969526147	0.5559466122948181	0.5
0.29203612173226656	0.5955334636442402	0.5
0.3296979541543311	0.5658735827145048	0.5
0.3131859471681361	0.5557756903311442	0.5
0.29847534641336254	0.5350187344487947	0.5
0.31519435299144793	0.5715482740749666	0.5
0.2855363552233241	0.516605994326967	0.5
0.3241860651575908	0.5277697597804206	0.5
0.31025012095045235	0.5731046302362008	0.5
0.38506301912978635	0.6581497523463391	0.5
0.28863078371778617	0.5003424770330658	0.5
0.40059062822328656	0.3666925913519045	0.5
0.3529338480860254	0.5240208747784515	0.5
0.3424325410549265	0.4380766241528173	0.5
0.3141633837786963	0.5704126664185211	0.5
0.33507928267002546	0.5311160181187491	0.5
0.30558806015505524	0.5242652478889911	0.5
0.33489809389080316	0.5127145743250541	0.5
0.30671982655078267	0.5616102021490322	0.5
0.37748022375832624	0.5723083053844785	0.5
0.35053912892019506	0.5441696211271542	0.5
0.3247413661142792	0.49595150720259795	0.5
0.2803120226043194	0.5256160569249022	0.5
0.39305894884568493	0.5686778934762509	0.5
0.31387813738482656	0.6025553867720426	0.5
0.336004717001369	0.5559368301238392	0.5
0.3371053889795542	0.6212341185432131	0.5
0.28599925203039006	0.5658564996300643	0.5
0.3133486384531038	0.6155744986616455	0.5
0.3327145297010197	0.549303292676626	0.5
0.3143118654304434	0.5140495131231049	0.5
0.2928459861368891	0.5907409428319381	0.5
0.3161870777159011	0.5395981521512206	0.5
0.3159371347970085	0.43466495217802775	0.5
0.2594197825309531	0.4257239850222923	0.5
0.3178516313148988	0.5754727153401662	0.5
0.35840248504460914	0.6209226082815331	0.5
0.2917667669544471	0.5084738359755699	0.5
0.3590746724228987	0.5693950653202144	0.5
0.3504843812613246	0.5295141415864313	0.5
0.3326930001909844	0.5687756349727597	0.5
0.353433075153097	0.6766832241345069	0.5
0.29987380706548494	0.5419966488343269	0.5
0.28438000962559723	0.44697310746230956	0.5
0.3105387566444736	0.4851790935719696	0.5
0.3430636424934271	0.5144995257229302	0.5
0.28472595115976573	0.56844600911292	0.5
0.3477050582341431	0.6104743825218769	0.5
0.28356143014564905	0.5238993087617836	0.5
0.358313320770533	0.5846192922566629	0.5
0.3139099266494417	0.46133102027069517	0.5
0.3526814437219947	0.5284870754097387	0.5
0.30586417605016464	0.451244031202803	0.5
0.39801705334338533	0.5939781015031199	0.5
0.30369042513739974	0.523118424963028	0.5
0.32531722367647836	0.5649993601420737	0.5
0.27089878201177786	0.5390539322524995	0.5
0.3158261487685432	0.4437531328857842	0.5
0.3107227788220148	0.5109218454319396	0.5
0.348804166332234	0.35009015279304034	0.5
0.32509289409176995	0.5408079555401146	0.5
0.32479060559362233	0.4888315756637468	0.5
0.3337274102953954	0.5038794993556353	0.5
0.2908386835270116	0.45792504398346046	0.5
0.3366438854104054	0.5957826410451893	0.5
0.3811922029351046	0.510907355082392	0.5
0.3155155512236032	0.601018817484442	0.5
0.3159918498011799	0.4969666318560336	0.5
0.2660783928751428	0.5722985116044994	0.5
0.29858830120519814	0.5194868366254104	0.5
0.31175149541043884	0.4895811774098274	0.5
0.2995720973136745	0.49731076976766714	0.5
0.32785469312706056	0.5395236946195461	0.5
0.34391172763423744	0.4860490038026194	0.5
0.3278895667916688	0.6061595939491465	0.5
0.35450780133991683	0.5446409766074501	0.5
0.31846370325631634	0.5623422829028937	0.5
0.36292959295762595	0.5246441595491427	0.5
0.3161222038294317	0.4795384946779318	0.5
0.3287492544629994	0.518106582559359	0.5
0.29081809068803643	0.4582665046767035	0.5
0.33142489841108214	0.4848782878705928	0.5
0.31444026639438116	0.608973359139711	0.5
0.28038373721476373	0.547156030021353	0.5
0.2986184817223164	0.46960453171760186	0.5
0.35036516453144123	0.6427055656113055	0.5
0.3312124096061589	0.5498036893905658	0.5
0.31559783269880276	0.588812628162577	0.5
0.355922730751213	0.623519444715819	0.5
0.3214026038582219	0.48840734992550694	0.5
0.31649430034359277	0.6039455062686109	0.5
0.34875998436992034	0.5942228991127136	0.5
0.3102936142136999	0.5053412109236444	0.5
0.3140886907011997	0.539963174077575	0.5
0.27481184972018563	0.5568889533587772	0.5
0.34778899445204087	0.4285864834016113	0.5
0.3092546512714873	0.5461173142125904	0.5
0.32523518637366267	0.5868705407241671	0.5
0.31595865779441124	0.5660199994748821	0.5
0.3077432006070059	0.6237923319897141	0.5
0.35074635212091554	0.47790902463981594	0.5
0.3605203954097542	0.4704790793780386	0.5
0.2664664484633437	0.576561353237005	0.5
0.2866705943713641	0.41606116331054616	0.5
0.3084209784821088	0.5493475046231442	0.5
0.3560602177333584	0.6143688259369777	0.5
0.34266912500052915	0.439950449562051	0.5
0.3485848367798401	0.5402431062217022	0.5
0.3423234563322431	0.6409953954258041	0.5
0.37210322342772134	0.6863956748958314	0.5
0.3413432498045674	0.5943053620226554	0.5
0.3799048609477425	0.49904045684892523	0.5
0.2937526686916684	0.5794780947796692	0.5
0.31790758067947394	0.5284562291470428	0.5
0.3153679102905875	0.5360386580188614	0.5
0.31574961220003506	0.5220849986139742	0.5
0.30353603864675244	0.5448543345838457	0.5
0.3301463250786303	0.5137125448617386	0.5
0.29283558721728264	0.5074252008430787	0.5
0.2872293737051341	0.589791496918697	0.5
0.3404157687905986	0.5571542306910386	0.5
0.2949699143535785	0.4445091037166198	0.5
0.3314400678482043	0.5486826043431368	0.5
0.3076548094915479	0.5772435602335344	0.5
0.31031933654194965	0.5074970091058811	0.5
0.33671099610311395	0.5232975599972496	0.5
0.31298742461646994	0.5215617775389452	0.5
0.30356983017063077	0.5853431991410021	0.5
0.2941632406980018	0.5708611759997977	0.5
0.3286124745300969	0.49562149061406785	0.5
0.33568854986382207	0.6290626631321306	0.5
0.32164886517631597	0.5141599816457024	0.5
0.35591051544447333	0.5830469657544219	0.5
0.34329698246691165	0.4629144777863059	0.5
0.33145523266089083	0.5782097012434821	0.5
0.32965009671321566	0.622003837842829	0.5
0.28435050019009456	0.5997906282634733	0.5
0.3355824318821856	0.5806082139299582	0.5
0.3487259642445143	0.6102298158142336	0.5
0.3602584493387011	0.6019068094761264	0.5
0.3521326925658486	0.578258275906999	0.5
0.29402244158279656	0.5275353769152676	0.5
0.3717795851839805	0.6018233616750425	0.5
0.2740499214645723	0.6102558400400271	0.5
0.323070944427553	0.4114629353894043	0.5
0.36532034901306315	0.6497207709493314	0.5
0.3344917202910303	0.45588955089641925	0.5
0.36500628688266296	0.5765028218857486	0.5
0.31427922243972123	0.4741277937872337	0.5
0.33520165574647937	0.6127509851565572	0.5
0.30066624666800656	0.52234047020484	0.5
0.3137740889601516	0.5367722197649484	0.5
0.3315283805235437	0.5252429980763493	0.5
0.328172778877407	0.5357733884928412	0.5
0.3519318822961849	0.5502886317101839	0.5
0.3074632659652718	0.5943334118258153	0.5
0.3227405588246391	0.5240639445697841	0.5
0.3446418254121404	0.4814342524100521	0.5
0.3036383657148861	0.4693419612147497	0.5
0.35802511182534014	0.6436874838267033	0.5
0.297834756943194	0.5060814402881844	0.5
0.3457445453560095	0.5186226610762529	0.5
0.3074396357619943	0.48367613727378017	0.5
0.3142791096987021	0.6216458472059088	0.5
0.3375431454359648	0.6060940555223281	0.5
0.2972993018628739	0.5152883347898063	0.5
0.3355423213703797	0.5733284404626072	0.5
0.24806256237276653	0.4028560028957798	0.5
0.28656272480588296	0.45809670807360015	0.5
0.3752993908717788	0.5689343513743838	0.5
0.3425611382643236	0.4872406590258706	0.5
0.3316990507503689	0.4396960170230877	0.5
0.31157387008667936	0.5276277694983622	0.5
0.39073909226026005	0.46104317313471554	0.5
0.28749879446899695	0.6030861409735309	0.5
0.2873548806403612	0.48604478784633987	0.5
0.3029046111700505	0.4644168553198073	0.5
0.3876808291199844	0.566436484015303	0.5
0.3392540103651327	0.5599590807079708	0.5
0.312936835312206	0.48591887465801764	0.5
0.3089252957482506	0.41719926779976574	0.5
0.2752358846804877	0.5706608111981516	0.5
0.32447920643169276	0.5091810254791178	0.5
0.31105726218509644	0.5127275828736492	0.5
0.3515498426721929	0.5469844790161036	0.5
0.3039774742936585	0.5144472424334336	0.5
0.2911003550278129	0.5867886555764801	0.5
0.32087412718632685	0.5701450470554588	0.5
0.2843327685594913	0.5010131097826509	0.5
0.32772579370657673	0.48521997641598835	0.5
0.2753869069959425	0.5055060886251509	0.5
0.2841835795182043	0.47282181918751254	0.5
0.3026910163542641	0.5903681420130564	0.5
0.2983424212909831	0.6123997350729669	0.5
0.2998541264722283	0.5465074000427244	0.5
0.29809599972614914	0.4919856459693218	0.5
0.3288409900331767	0.5135110669400875	0.5
0.2945913800865663	0.5222314589422272	0.5
0.3475983912375711	0.5265111955182878	0.5
0.3503481715441065	0.4666301538893137	0.5
0.31443284217684886	0.6090878501551891	0.5
0.3366590522842537	0.42116642299824897	0.5
0.3078994784585562	0.5283482046131696	0.5
0.257987556980006	0.5632440342449998	0.5
0.2823226559029047	0.5754466694093083	0.5
0.3768321724342128	0.4928142228581623	0.5
0.35657860643975203	0.5661244485142038	0.5
0.30623305152897057	0.5002204053449397	0.5
0.3451539667104706	0.5384385520917768	0.5
0.35939912304630023	0.5746584868068385	0.5
0.3710521113261407	0.4526758202229958	0.5
0.3328096252971797	0.5054120277080618	0.5
0.3282703265553179	0.5134892847447038	0.5
0.2813348473954945	0.5949127941979946	0.5
0.28728266262274726	0.5287329992581832	0.5
0.37875651814875366	0.5076721143281537	0.5
0.3461418043755939	0.6133476650318972	0.5
0.32120165218005425	0.4395331336049205	0.5
0.3779834073528281	0.5903086759656002	0.5
0.35502540775222796	0.5334029141162775	0.5
0.3490197540290316	0.48413662446359873	0.5
0.25160175102653015	0.4561745366528769	0.5
0.3201546585948036	0.4950234727591697	0.5
0.29385589527331446	0.4885845465509085	0.5
0.3108936880582581	0.47274618056570494	0.5
0.2795150346229296	0.5040850013750009	0.5
0.3153883599276404	0.5454396336604782	0.5
0.3181421771026729	0.5504811692657016	0.5
0.3888067550399556	0.5679024595535864	0.5
0.317565531478973	0.6012704647484819	0.5
0.32504308103416707	0.6022590873258777	0.5
0.31978894125290525	0.6168877248283426	0.5
0.3665201561200496	0.45544023705632775	0.5
0.31829060005621057	0.5445375721293629	0.5
0.27928609404239013	0.45714595581346706	0.5
0.2785466606404193	0.595887254507792	0.5
0.30719279429088625	0.4720723851023413	0.5
0.32737658798308417	0.5578586955552861	0.5
0.3265185469317669	0.508793790436612	0.5
0.32077965192740554	0.454137303207438	0.5
0.3466220457992369	0.5696075221950401	0.5
0.3359072235051984	0.5690470035977347	0.5
0.34122030046205676	0.5577165779249396	0.5
0.3337914279268103	0.49837969579769414	0.5
0.3456606990429917	0.4711791579638573	0.5
0.3144085145782579	0.4718475062259516	0.5
0.3176700458200929	0.6049782039808871	0.5
0.348780065535649	0.5352067239597008	0.5
0.3792580092585108	0.6872049673961536	0.5
0.34152879336443775	0.6040289310412632	0.5
0.3204298137557878	0.4550504688421948	0.5
0.3414884428516272	0.5471360392923765	0.5
0.3188920702089978	0.5342512361160149	0.5
0.31781014243406736	0.6493153356920056	0.5
0.3195680988837287	0.5486073489062732	0.5
0.3596348920777551	0.5043346699465201	0.5
0.30076298204955665	0.46790058542143853	0.5
0.31603204966270565	0.6292414027071804	0.5
0.29012490060133966	0.5293946459291166	0.5
0.31065385294023456	0.5137365108484998	0.5
0.35552946003568664	0.4248929120646489	0.5
0.35542005375789554	0.5185646768450088	0.5
0.29209504492685917	0.5187460435074517	0.5
0.3384429683076214	0.5664440650802315	0.5
0.3770494987852371	0.6048765486389336	0.5
0.32039000825733877	0.5125361681991073	0.5
0.33026027816547004	0.5425779763379901	0.5
0.3749625479700847	0.5825557900497711	0.5
0.3289035921651404	0.5534502178175535	0.5
0.32877652518191336	0.5687779894942477	0.5
0.32907667989598993	0.5533701889415812	0.5
0.3069269001057585	0.5438680527529006	0.5
0.3185752450461068	0.616953146687925	0.5
0.2988480125282495	0.5781208353618373	0.5
0.2580219676968178	0.4929203767921033	0.5
0.31706438072683824	0.515734188446567	0.5
0.2764785760701394	0.5687383111666456	0.5
0.2884179626773291	0.615293364060266	0.5
0.23778661917694288	0.5620665732295641	0.5
0.3229169504056105	0.5265122948357296	0.5
0.29805168354298345	0.5759262836875012	0.5
0.35058283357765585	0.565654616053288	0.5
0.27173665317199225	0.5825609967049551	0.5
0.32148127045487773	0.5075358794615548	0.5
0.34387402321252897	0.5455293135979276	0.5
0.2900849740916988	0.49943669313460415	0.5
0.301296766219319	0.6360115659005622	0.5
0.3019416278118327	0.5229553598445646	0.5
0.318293158126462	0.65211569009509	0.5
0.2626385529698633	0.4966184403312057	0.5
0.292575638782793	0.5770676918981161	0.5
0.3000712842918048	0.5125423689310833	0.5
0.29476641650037233	0.42221995607963914	0.5
0.3831672600239574	0.580407073465145	0.5
0.27991607301984317	0.5941084096210962	0.5
0.3078630190873459	0.564403168339166	0.5
0.3018886206267912	0.4682396780162609	0.5
0.2586194080420685	0.61877623189489	0.5
0.3325631595976859	0.564688284151544	0.5
0.3400113280758648	0.5535866929743674	0.5
0.32666949137857343	0.5597267004351947	0.5
0.3454359263059717	0.6393174112391323	0.5
0.340388589156479	0.635406455846632	0.5
0.32272902061904074	0.51170490950259	0.5
0.25925675615975996	0.47934572435209744	0.5
0.33790180834825007	0.5673199320041086	0.5
0.3364502074013227	0.5961982132685529	0.5
0.3429077972250407	0.5729914150717594	0.5
0.35379227525368956	0.4972981305932681	0.5
0.2746926482438452	0.5429339491565739	0.5
0.3352515531472603	0.4218290967769055	0.5
0.3046664217092453	0.5402079697809165	0.5
0.3514375267445378	0.46290497396097235	0.5
0.3361425458389905	0.5980269528330301	0.5
0.31796368263543595	0.5795802815442995	0.5
0.2652631184103235	0.6525691482828032	0.5
0.3011962097834133	0.5009430471279139	0.5
0.35271263376541695	0.6437253688777205	0.5
0.29617813287136785	0.4566300035646695	0.5
0.3676342109851825	0.5051384377036927	0.5
0.27845132244510856	0.5077529367678538	0.5
0.32302564544335144	0.6103244356989419	0.5
0.33283687771398796	0.543440956680918	0.5
0.2709698403492368	0.5243800754000544	0.5
0.3433930183308638	0.667146182064198	0.5
0.28015075840826964	0.5302572269755329	0.5
0.3004954113690996	0.6105901310651923	0.5
0.31832098131255776	0.4975472533778351	0.5
0.31935329444726834	0.4887176550840942	0.5
0.3407234181793354	0.5372632646967586	0.5
0.3319952342969138	0.4366311079807147	0.5
0.3026000705927755	0.5621984548584044	0.5
0.3083905042505789	0.6011187754900706	0.5
0.3871482159660422	0.48707180537108474	0.5
0.3147096870690286	0.5873824579688148	0.5
0.3213078352511849	0.515609324608376	0.5
0.3311628130174924	0.541204604147456	0.5
0.3389705822397816	0.5263615441160548	0.5
0.3448718319663116	0.4350066454773636	0.5
0.29545308912049617	0.48772319380521423	0.5
0.2845730691753737	0.5409792215814915	0.5
0.31977869170069284	0.5593978823067329	0.5
0.32649500748123494	0.4624288026519238	0.5
0.298898752303898	0.5457718224131708	0.5
0.3152605888466893	0.5884060569700436	0.5
0.31130525948517995	0.6067294602936351	0.5
0.31986121758662456	0.534913393272897	0.5
0.30540499703686386	0.49147035700675895	0.5
0.32964692834720694	0.575938024156411	0.5
0.35980031900955045	0.5412707618158956	0.5
0.34317196714197695	0.5417891367588237	0.5
0.34364612973876457	0.5278715517193067	0.5
0.33308274691556233	0.5220708785802772	0.5
0.30584024466565723	0.5965278830578862	0.5
0.3254988901526974	0.5015038147517151	0.5
0.30513516495117465	0.48955329958495974	0.5
0.3230462436795282	0.510920978811949	0.5
0.3419688246884514	0.5669016572636925	0.5
0.30519751910548076	0.5266169055712382	0.5
0.3432917267795027	0.5844410800690033	0.5
0.2997594312386723	0.5449761816786808	0.5
0.28970783726479865	0.4639764149561107	0.5
0.2951323422615233	0.5648603835188084	0.5
0.31121281577587323	0.543633406801429	0.5
0.34438760340347363	0.5210230173561563	0.5
0.37670123253185706	0.5779783566978045	0.5
0.3286766487977956	0.6138558174068397	0.5
0.3047723110228402	0.5649571685145184	0.5
0.33050017737841403	0.45979928030131395	0.5
0.2897439705372318	0.5083303040834752	0.5
0.38411182731313315	0.5572327338530011	0.5
0.35201812770210356	0.5911539761631784	0.5
0.38037770098430457	0.6678104536812148	0.5
0.33850184728843236	0.46207995664368434	0.5
0.3033222079777367	0.5051728980901946	0.5
0.3457815799382549	0.5350004499807773	0.5
0.29163047934362984	0.43944474670499806	0.5
0.324400414926409	0.6091776116049284	0.5
0.2620967117121101	0.5102026243716314	0.5
0.3080306999593245	0.5917730615779578	0.5
0.3062707182645419	0.5945508139086809	0.5
0.272497983714989	0.5740155756167608	0.5
0.2768615774949764	0.5141561396637049	0.5
0.3165209314454622	0.47441867789985054	0.5
0.2929602650848301	0.5102646924505013	0.5
0.3457479658660473	0.4506970861982316	0.5
0.3143400183397586	0.46839832561461875	0.5
0.27875124359693904	0.5603494935755765	0.5
0.29943205576685966	0.5537370592324403	0.5
0.3195694260244888	0.511383227517221	0.5
0.3453498168297984	0.5071476358234489	0.5
0.3141766109142482	0.5902820127160602	0.5
0.34092343382393914	0.5521547149798243	0.5
0.3331784497216899	0.5389105986101695	0.5
0.28488808107785424	0.4941968647196009	0.5
0.376732970756658	0.35183103498591306	0.5
0.3610881674112092	0.5795496911851696	0.5
0.3489965570473479	0.4804121709098699	0.5
0.3301077958427092	0.593544414493255	0.5
0.3452903133347449	0.4468875186058333	0.5
0.35779967016128494	0.58561357303954	0.5
0.287017458684118	0.5703396241508976	0.5
0.3128091617891605	0.40067661073451777	0.5
0.2966182138845244	0.641633927292028	0.5
0.29247838310394336	0.5079806987005278	0.5
0.32529380259453194	0.5143852149230316	0.5
0.3193188618555805	0.6387812408480479	0.5
0.30310002778306244	0.4978143933357762	0.5
0.2899780724956504	0.5094698248191348	0.5
0.31110330481264836	0.4958305601687448	0.5
0.3091902880090019	0.506228897355826	0.5
0.30166408304838	0.5934014047529694	0.5
0.3021008703436421	0.5042760216891778	0.5
0.3311286755807319	0.4348866638449713	0.5
0.3177209958567987	0.5480770833821177	0.5
0.36694586469602564	0.5057726551241337	0.5
0.3190481518947418	0.4977546560866259	0.5
0.2904441104840202	0.45077392399805777	0.5
0.32347472971454594	0.5026536912162943	0.5
0.32017630369648764	0.4836458249275927	0.5
0.3080926367175556	0.6340139613793228	0.5
0.2944833489609031	0.4850475495453726	0.5
0.31667262213107056	0.4949099506087778	0.5
0.35397308993012194	0.4036991571954247	0.5
0.31075701415695595	0.5865411661127964	0.5
0.2993190846394673	0.6008771554030257	0.5
0.3411862709719591	0.46109695275039503	0.5
0.3372699813599288	0.5335589860187494	0.5
0.28782566522219794	0.5437845696414959	0.5
0.35315271259525066	0.5881254129628215	0.5
0.29290811217547713	0.5735088754355625	0.5
0.36101375681483333	0.5579173450318846	0.5
0.30037841130932724	0.42243513580903663	0.5
0.278084494050809	0.5600029008276869	0.5
0.32346622228776084	0.5800129129206324	0.5
0.3111756494214643	0.5678599952324134	0.5
0.3120760529131893	0.5430606092576591	0.5
0.3221280273688192	0.6108224754087619	0.5
0.35604242786948426	0.6029735474595485	0.5
0.33790289752937963	0.510857424372658	0.5
0.33586317724065395	0.6230879697352156	0.5
0.3576881865437389	0.5215530631303474	0.5
0.32724962048322587	0.564381758233033	0.5
0.312089514194549	0.6290287801474749	0.5
0.35918882883125036	0.5712962089613698	0.5
0.3233475694893249	0.5023576237217284	0.5
0.3004995331048156	0.7318952653365816	0.5
0.26769772600148506	0.5518839106271276	0.5
0.45841153855374445	0.08006285561762472	0.75
0.29506160021020267	0.18200448635521743	0.75
0.427114248956173	0.215914279784708	0.75
0.34812471717210847	0.18406425870057994	0.75
0.4228310893723501	0.363302952388346	0.75
0.40079326738910637	0.14527903849761753	0.75
0.3544520713152022	0.30773602320788784	0.75
0.36260421638964846	0.23450875197745094	0.75
0.3472805297153912	0.2206502512966262	0.75
0.36543667338827973	0.42386475542773594	0.75
0.38415679929851154	0.25225095602701697	0.75
0.32980124572704905	0.13327036421976218	0.75
0.3573052584703994	0.29867568967416824	0.75
0.35038898463246104	0.2211983600748614	0.75
0.39783130738487477	0.2631381302883376	0.75
0.30012218031479604	0.1838386459310712	0.75
0.27126953702629286	0.31099492076174806	0.75
0.3461323113844977	0.262522080544842	0.75
0.5055639812469426	0.07996973368494253	0.75
0.45310227238600714	0.3623755564607185	0.75
0.3797676378872694	0.2628397363542131	0.75
0.3229866766930345	0.24960584224485519	0.75
0.42689311618322	0.13452336157113653	0.75
0.4158896762389869	0.20786348224795095	0.75
0.3886675282193869	0.049079102738605385	0.75
0.28687690263041876	0.24632385495275516	0.75
0.4648522480313303	0.23004450395599296	0.75
0.32770917709034736	0.2580987737789523	0.75
0.43972095893288876	0.3181030039419764	0.75
0.3219965907351491	0.1843700377362001	0.75
0.38943717172987147	0.2889430139224768	0.75
0.31167532258713665	0.2858625688033086	0.75
0.4375683817071907	0.12231703961611762	0.75
0.3664096430238138	0.26968185014645746	0.75
0.49262100467930575	0.11175146338716252	0.75
0.41381285992656996	0.3855167438658541	0.75
0.367378434904355	0.26114906239017455	0.75
0.3757755967195143	0.2562185699913326	0.75
0.3666559388244986	0.25439659998206887	0.75
0.3504876315569557	0.09644398826183265	0.75
0.35373941282358606	0.41093262442717493	0.75
0.36930375212941	0.26363269942811673	0.75
0.33796192940642417	0.34632548626919174	0.75
0.3798505905828504	0.1779952468495009	0.75
0.39483113037143913	0.2084484206353009	0.75
0.31209409774703223	0.12208725046531665	0.75
0.3907428365078034	0.25392260474569334	0.75
0.4074134086616494	0.1972612898859597	0.75
0.42398928805051156	0.17300446484353343	0.75
0.38336842803121807	0.32042390194026543	0.75
0.3388689368308814	0.29356684361280677	0.75
0.426887327625671	0.36179491844175715	0.75
0.26300264189106404	0.1169782951990429	0.75
0.3306486133680028	0.2500827287622289	0.75
0.3038073154328117	0.2098955503470643	0.75
0.30948699757172715	0.2545980881253276	0.75
0.3844934573567482	0.21134637896134742	0.75
0.3357005376298169	0.2151918868178633	0.75
0.33615225694477513	0.2079634349610521	0.75
0.308675256548907	0.2442184322508656	0.75
0.3249279795873383	0.2869776923188768	0.75
0.3113959273981097	0.16966414044456218	0.75
0.3630962436600826	0.18816336633074782	0.75
0.3035361633732421	0.30948750407115455	0.75
0.4102342070782501	0.2064062342044926	0.75
0.3508074033720457	0.32060426104047923	0.75
0.3843175645673882	0.1342600942548307	0.75
0.4175921064327081	0.14050598921310642	0.75
0.4157129939559099	0.11760068901718423	0.75
0.31822206832553745	0.23478127465165552	0.75
0.5001075148611429	0.14382085743171813	0.75
0.37764559707023504	0.14960285157762598	0.75
0.34560424226727177	0.16730924610696518	0.75
0.4344418150336004	0.2698760088395924	0.75
0.310846111322514	0.14042594078110393	0.75
0.42606055460735304	0.25385731342924733	0.75
0.32415255187926506	0.24762228449261858	0.75
0.41802851213085795	0.1689718172600917	0.75
0.3096907615387401	0.16595763855378431	0.75
0.3278300217481306	0.1995253108442394	0.75
0.2975818678076909	0.2183979414901941	0.75
0.3315144102683568	0.18406061430004292	0.75
0.3604687094121716	0.11257244986710063	0.75
0.3248836913602087	0.19033327594400606	0.75
0.3700637943539761	0.17088760843003792	0.75
0.4338354124827149	0.19008956942665328	0.75
0.3498229559775592	0.3300106962455871	0.75
0.37703266654383405	0.09091264241880276	0.75
0.49860308741243003	0.21767801977515402	0.75
0.39245215201669503	0.23807899821440998	0.75
0.39682810452931133	0.1091623485942032	0.75
0.3533172220884362	0.22275261242817976	0.75
0.3823553914303245	0.2761964321584264	0.75
0.4402904017411131	0.2425472857656867	0.75
0.3727278440730719	0.331931480789023	0.75
0.34562943202714025	0.20537055502680965	0.75
0.45703178827183377	0.22662605987762838	0.75
0.41069481533061003	0.21908561031939738	0.75
0.41143118912963755	0.22524530684797886	0.75
0.388388330752945	0.17002467897938128	0.75
0.3973272534476949	0.3078377450651768	0.75
0.3813693237618269	0.3593217649209385	0.75
0.3386110729872829	0.11254158625232807	0.75
0.3394202933824003	0.16366039184903913	0.75
0.3140094962663997	0.31056469530863773	0.75
0.3935182304262133	0.1810263078791228	0.75
0.27389772151303915	0.13990603961536918	0.75
0.42372202538674203	0.2866331802603362	0.75
0.31973151714697545	0.2963399076298491	0.75
0.356133137159649	0.26263100680371276	0.75
0.38935805190263867	0.2263267754887583	0.75
0.36890227277384624	0.2806107529694801	0.75
0.37307141119008774	0.10498767022615924	0.75
0.3592808017844288	0.19066487101985716	0.75
0.40689047977082116	0.05145307177492997	0.75
0.41665826056718636	0.2247552328759491	0.75
0.36818541455941034	0.37365270545189366	0.75
0.39713074530152254	0.05957838324780401	0.75
0.4112385087263622	0.25211572965781737	0.75
0.3313129329339537	0.12707426592750243	0.75
0.32198265068909016	0.1814872412623683	0.75
0.38026099711693245	0.25267913170113526	0.75
0.38531565719849004	0.19113878505010226	0.75
0.39772333011357086	0.07778578478854259	0.75
0.3621903133093361	0.34439712895653685	0.75
0.2850742279950858	0.21901443983614005	0.75
0.37630748877922754	0.1745471992338915	0.75
0.37570247936212686	0.24711592057161655	0.75
0.3995015141607332	0.045640336505033074	0.75
0.467358759234514	0.2969367120175692	0.75
0.4053923590734584	0.19339947294935103	0.75
0.321059321065874	0.18710826606259356	0.75
0.410234685123018	0.031277027229607846	0.75
0.4429069129994193	0.1400077953218773	0.75
0.40040813394145464	0.25559555799561806	0.75
0.3004964745761498	0.2717461257525696	0.75
0.42624533140885235	0.3034649512694527	0.75
0.24277570954506306	0.119158483784011	0.75
0.4317962840249729	0.3216471842372654	0.75
0.3863621913684836	0.24534922862095723	0.75
0.2881164262314852	0.3367031496140799	0.75
0.23359259425328036	0.1378710775360964	0.75
0.3834146729100746	0.18455646771422524	0.75
0.39010751894050816	0.08939756104404062	0.75
0.4702030697706273	0.3211172727194924	0.75
0.33532119221071166	0.17471789697244772	0.75
0.4566565374741637	0.2631060332191367	0.75
0.4132498620369908	0.3582280386556109	0.75
0.35381180343756874	0.26244710185724873	0.75
0.33030274948261523	0.2826224741309407	0.75
0.38167850630816297	0.1331734001589141	0.75
0.34305273641694634	0.17637305724895525	0.75
0.3933041474531484	0.2089007288466902	0.75
0.25975690382727945	0.10162495867533916	0.75
0.462743769829612	0.20432193944539492	0.75
0.22110886047550338	0.2378178553723315	0.75
0.3937195147448315	0.16280892723528823	0.75
0.41318342774019495	0.13597536422680545	0.75
0.39684549966402805	0.12337972271365094	0.75
0.3073181212548347	0.16897157238585492	0.75
0.27018416550287705	0.14439389883574827	0.75
0.38760715885430064	0.19217826346330613	0.75
0.3773446504072207	0.10099239403439403	0.75
0.32039433502053444	0.19359257808515581	0.75
0.3873571720561002	0.28576037295714535	0.75
0.3951205202997389	0.16558393921722836	0.75
0.3490519419175574	0.17915749973775635	0.75
0.43321163886104846	0.29884618950474795	0.75
0.4288386474040749	0.34408469480730464	0.75
0.41269286735110156	0.40153242247118914	0.75
0.35439534128063055	0.14663444532023157	0.75
0.3991709332289596	0.2732860244151146	0.75
0.4494822901407706	0.2600564027484298	0.75
0.39417801752361425	0.24862300948118624	0.75
0.39489908961974685	0.24810529231706757	0.75
0.34153916754886166	0.23935837037322524	0.75
0.3321538915107208	0.24651792885103058	0.75
0.32523401860208434	0.20574161544367514	0.75
0.46134784455556266	0.005344855927722547	0.75
0.37900966118686147	0.2969698808755572	0.75
0.35705582985452616	0.1897125698785979	0.75
0.3800165741318187	0.07071003248270413	0.75
0.3765712526470022	0.2509439878827482	0.75
0.41282268333678235	0.24074731554048323	0.75
0.3878878745881195	0.26347182479341935	0.75
0.3771559352960375	0.26372838490117095	0.75
0.40502938278987777	0.15907406123230344	0.75
0.35597550514538456	0.16102065937776366	0.75
0.4075712245750783	0.29621299030435094	0.75
0.4259261566286975	0.3743044733738801	0.75
0.33321502951724513	0.09250247900989528	0.75
0.3632116338008011	0.21979788545223494	0.75
0.3253713250987569	0.2639813351761456	0.75
0.38578312940120474	0.26889204326564853	0.75
0.3546559573529975	0.09691060756643655	0.75
0.3721843503025847	0.18092620963805195	0.75
0.31434337772206355	0.17988262279159428	0.75
0.3582935166799806	0.21574360230733128	0.75
0.2712298864475183	0.23307765077022782	0.75
0.3408276808034641	0.11367796401554042	0.75
0.2790300719317791	0.05494897856130493	0.75
0.39021352964546646	0.2429270337191379	0.75
0.3428443255407249	0.16931350901589476	0.75
0.28595477257780677	0.15817125624178602	0.75
0.4518802466237524	0.34086391824637724	0.75
0.355048586698733	0.153549173065883	0.75
0.39529387645020037	0.3878728009907272	0.75
0.31101816375241237	0.15648203054104953	0.75
0.3889673904219474	0.2665720277850269	0.75
0.38760947450773303	0.20754439290043641	0.75
0.44152387337576887	0.22006654856367364	0.75
0.39926601902500336	0.26995584071919476	0.75
0.3185100187169218	0.27794590989118295	0.75
0.33406040507336876	0.20624001473783635	0.75
0.38544557739709967	0.22897034908826594	0.75
0.41167174733271855	0.23088011366811634	0.75
0.37449412425575834	0.32847694938368566	0.75
0.33120036766794164	0.2043840116605904	0.75
0.38218874426346433	0.25567032601866424	0.75
0.3669257681713564	0.16483500123648565	0.75
0.23693036683041574	0.08555468085116608	0.75
0.283007005355733	0.06512630277873621	0.75
0.35832036070726553	0.29050694783949915	0.75
0.25192334741621214	0.17437872720668668	0.75
0.49818118808865347	0.33285584055951967	0.75
0.4067822497025123	0.2087523615404961	0.75
0.3988834135427704	0.2307677043833056	0.75
0.3526423491062181	0.1828848307286253	0.75
0.3986184665055313	0.16421519704908244	0.75
0.4315573033267706	0.1576408725609943	0.75
0.45571888452776715	0.13756418802580522	0.75
0.39061690336053917	0.2557809182796336	0.75
0.3598038455576605	0.20222681799673042	0.75
0.28999546563856315	0.23955649373316587	0.75
0.4401347000785755	0.21419641081510957	0.75
0.32555235190430315	0.2294776696785775	0.75
0.3137072923764491	0.22561773362495618	0.75
0.39047118375831313	0.3579749427165997	0.75
0.2926758769990999	0.22904554410100383	0.75
0.4916577090046126	0.3447839452872732	0.75
0.44736761709037015	0.16407634095429685	0.75
0.3176445767482071	0.2835833008251174	0.75
0.36562902646823936	0.19766148687831261	0.75
0.44118583477048723	0.1706987618516524	0.75
0.36143060651480924	0.24529365201742043	0.75
0.3602682953084277	0.24066412115966718	0.75
0.3471572652127224	0.21216347831769755	0.75
0.3040460107089128	0.15190911644724636	0.75
0.35508179861435346	0.18218879415635664	0.75
0.3142509980655672	0.1690321079011866	0.75
0.345462479041317	0.01812351543044949	0.75
0.3966968708928383	0.30214726783430873	0.75
0.32096615022066277	0.2140263533853047	0.75
0.3209513848127213	0.15215453761526931	0.75
0.37424990481384635	0.23571268479489352	0.75
0.30613985041482383	0.24568863609109443	0.75
0.33644167137055125	0.18995959824420483	0.75
0.4172009047325939	0.25870329544612924	0.75
0.3295448971799872	0.19953299572056518	0.75
0.43117784869608017	0.17313756342911002	0.75
0.35994837803723656	0.21225842745923706	0.75
0.3264624063605921	0.21479629024124383	0.75
0.38826283099189646	0.20212446359662148	0.75
0.4070241206729187	0.18926479399110144	0.75
0.3081311067344375	0.062199735182775606	0.75
0.37601821574375144	0.33649125621399134	0.75
0.42893791224708816	0.23257067382034094	0.75
0.34266443367061367	0.22622986787748425	0.75
0.3601590511893203	0.19630761679656472	0.75
0.3724961553029177	0.2525355119476237	0.75
0.3572977120827263	0.25700601669823475	0.75
0.38356025699406304	0.17285570927188287	0.75
0.45970323107172695	0.10191531668243164	0.75
0.4472931784273612	0.1919323529519679	0.75
0.3847833098088273	0.2335511255042001	0.75
0.3578327189106495	0.26328417313707125	0.75
0.3421609357085285	0.28679043179821445	0.75
0.3571831288606463	0.22448878816692627	0.75
0.3946370752297922	0.2446230159503307	0.75
0.39266656969097236	0.06457255436374887	0.75
0.4467370628086757	0.3160544188295268	0.75
0.4037727479052352	0.2506558735071128	0.75
0.39911541716688786	0.30657257905842944	0.75
0.4183592104170085	0.21466609030554556	0.75
0.4278352750611221	0.029648316552918108	0.75
0.3801175234032085	0.20801518622081613	0.75
0.36085246339429966	0.1987573443409767	0.75
0.34747817408683873	0.27551710277360836	0.75
0.39562591831243815	0.24706349717620527	0.75
0.29532557470420556	0.15861779172067003	0.75
0.45131627356928916	0.20556806749511455	0.75
0.4080013270199609	0.2056147589679508	0.75
0.38942772846942847	0.3498386335010128	0.75
0.41128964631076725	0.21839510118358063	0.75
0.3353259923948126	0.19799638843288536	0.75
0.42868854221073477	0.2226940617651827	0.75
0.4639346853882742	0.1623796209111778	0.75
0.3624936238429352	0.22649943042838616	0.75
0.36303741186418	0.14927189816104686	0.75
0.3323794164780383	0.16451319690715088	0.75
0.3483832869077237	0.14956049200303967	0.75
0.37837607743721985	0.03627173058329847	0.75
0.4900173944081998	0.20780775099265986	0.75
0.4018969042148848	0.23363122976428705	0.75
0.3055127982179502	0.3118453245707083	0.75
0.3911245666018634	0.33283225479699485	0.75
0.4217512018323098	0.1030292370820785	0.75
0.368048864767395	0.18929156226399582	0.75
0.32492548137453275	0.10756761299846485	0.75
0.34651424792377095	0.20617475442630265	0.75
0.33204473158664594	0.1567287217583151	0.75
0.2625729277892067	0.197782420639638	0.75
0.46523752689611386	0.28736448429959927	0.75
0.36075584221147444	0.2396698955710634	0.75
0.40166963206261386	0.3053623405450505	0.75
0.46075928535741906	0.27330292387969357	0.75
0.36938343867995677	0.22242574338389243	0.75
0.43089636264447606	0.3475830928020141	0.75
0.3375670733181374	0.16009930075902234	0.75
0.3984591991813781	0.21135626430008037	0.75
0.3803248803986233	0.21392178340829485	0.75
0.41177795131670303	0.22766167446953742	0.75
0.3170729446387232	0.18348006156555433	0.75
0.3266599398304053	0.22386825601057075	0.75
0.29871067533202694	0.15720861134306174	0.75
0.4066095803614958	0.30477645142937076	0.75
0.35511077186749296	0.38481537046253467	0.75
0.3904589941228168	0.3956263064350429	0.75
0.35832083092973066	0.15851240766139307	0.75
0.4303502678429085	0.22311469020493818	0.75
0.345904324525602	0.2578828180383622	0.75
0.42373743289074667	0.1921318281908206	0.75
0.39941879811653214	0.22578414664018764	0.75
0.36884124875030544	0.1934391770419325	0.75
0.3139239557612003	0.20908193451859536	0.75
0.41420517474701896	0.3167424340649452	0.75
0.37774143841243313	0.2656827966824846	0.75
0.46902245268311554	0.26289223910137327	0.75
0.3817331489299028	0.19703313688810228	0.75
0.43365744937249323	0.11938658538911784	0.75
0.4505422648108526	0.21855362176805643	0.75
0.3590322922113661	0.1965510432678443	0.75
0.4257380405015919	0.23523794564493386	0.75
0.3707442828180432	0.08655083673738162	0.75
0.4037920634994086	0.3652778030576854	0.75
0.37931249860071875	0.19787281208834206	0.75
0.4737600557724774	0.2266824566545881	0.75
0.2989540489787242	0.289052974162309	0.75
0.2848721026963617	0.292218628753232	0.75
0.28639241533394727	0.40366426732586047	0.75
0.33960352660485704	0.21218133257345143	0.75
0.37063765072110516	0.2952352330517303	0.75
0.3319746734093735	0.18637094315457026	0.75
0.3588049191709219	0.22872434264067773	0.75
0.3302413804232672	0.3214084450336506	0.75
0.4363972273688773	0.16192148643817794	0.75
0.3366953988037397	0.06874694370276219	0.75
0.3164110230819907	0.2907645690016431	0.75
0.3518244487120882	0.28927637188946165	0.75
0.49819588022729505	0.21389392610940033	0.75
0.3147408608911248	0.13042276324753704	0.75
0.395287881804956	0.2188008602485326	0.75
0.37066148782242997	0.34330172635034023	0.75
0.4482746542188167	0.11904271278393475	0.75
0.3214381729700399	0.3175576416403475	0.75
0.4974211331204069	0.1539226806084356	0.75
0.3536981107635436	0.21025879904498979	0.75
0.37890752011549955	0.2174596937609786	0.75
0.33746414775139155	0.1915560342936622	0.75
0.3181308691731898	0.07025361675911362	0.75
0.39371844006741924	0.1736543991435372	0.75
0.4578831368005255	0.1591447131110813	0.75
0.41140673252103793	0.07299152463810532	0.75
0.32399463767770653	0.25182499519566054	0.75
0.36335603561546076	0.18114988813888774	0.75
0.46425669449452145	0.20358791421982794	0.75
0.2857944805154182	0.22995321836489374	0.75
0.3807015264933228	0.24927799163548434	0.75
0.3542649475838894	0.22839862120498639	0.75
0.4415062745046877	0.2303502576673008	0.75
0.3075948103675798	0.2752151683451711	0.75
0.2802752823838026	0.0840708250293955	0.75
0.4498861055839404	0.18000056659976332	0.75
0.2594645014614846	0.16893743525768817	0.75
0.37030035710312115	0.30609831531927745	0.75
0.39018760803483293	0.16523584762594207	0.75
0.3607363118846912	0.2678709731198591	0.75
0.467348358885155	0.19234279351584513	0.75
0.23626497841579402	0.18966020775211967	0.75
0.36221208908857255	0.18281329415406608	0.75
0.3298945691068503	0.1187809844922878	0.75
0.34554357786851086	0.14116523547802962	0.75
0.3407749416238193	0.2434064446623837	0.75
0.35611677233078015	0.31899137744040956	0.75
0.31739285671287953	0.2434360405797342	0.75
0.3216933456755788	0.2676155021223704	0.75
0.315658351507193	0.24544483328372285	0.75
0.26151975166426467	0.20536969111914885	0.75
0.32038735884143077	0.24668017584010044	0.75
0.3766848997412835	0.27384471054979415	0.75
0.3293858449465221	0.22795258071283162	0.75
0.34170847916443814	0.09092415369442641	0.75
0.3763779071541121	0.24554302950324047	0.75
0.4507702545281542	0.2422759589913707	0.75
0.35029339265178056	0.2536976925882534	0.75
0.49960625759933835	0.21283699646675575	0.75
0.3446955430793721	0.2692565652957194	0.75
0.33493584222234996	0.17883728938303511	0.75
0.3676885737795966	0.2760042541418908	0.75
0.4087918245734458	0.2573945767151845	0.75
0.3867918720967895	0.140035812289737	0.75
0.30815950789371543	0.28269315766396175	0.75
0.43816825007705457	0.2634552265995075	0.75
0.39395468833149566	0.24198721879184087	0.75
0.28279270533986206	0.4032053120938258	0.75
0.34706149546117465	0.1669539289088035	0.75
0.3637406651270686	0.1013519592712448	0.75
0.4657493842363958	0.0782425939112148	0.75
0.37387180661601976	0.21041496499610757	0.75
0.3321364342442542	0.3530915757242451	0.75
0.44435817223517887	0.15020074856042726	0.75
0.5189517248018949	0.08230304436715913	0.75
0.37037902636727305	0.09866087710943372	0.75
0.3916067503326978	0.3300718763850543	0.75
0.39459437479467335	0.26095656473417966	0.75
0.44395695139433855	0.3921638725923637	0.75
0.28431331333917365	0.19941996006520182	0.75
0.39586144319648175	0.20360898649993422	0.75
0.39299238194634856	0.22835756882964886	0.75
0.356995696579546	0.33376330823524114	0.75
0.28046921530657903	0.1758234138518624	0.75
0.29861589294197544	0.23207663694007466	0.75
0.410318743754438	0.4099631259699116	0.75
0.39381125355322394	0.20204352582324775	0.75
0.3787070627296651	0.19415912064885563	0.75
0.3394588931786976	0.2540979027868716	0.75
0.323837347747093	0.16636881303046436	0.75
0.316964726648702	0.17683891883126562	0.75
0.36085789559711356	0.19426012785973562	0.75
0.4489089438316989	0.1208745660257659	0.75
0.38140109351981794	0.26922469656474646	0.75
0.39691686831058287	0.23026518791934097	0.75
0.39647401449565234	0.08226450081464604	0.75
0.391152128458837	0.17578749822729434	0.75
0.337665712320923	0.17788462313711234	0.75
0.27250705417497534	0.17034503722730077	0.75
0.3897285742458989	0.22026090517872074	0.75
0.3151568301180823	0.25586160428846183	0.75
0.38058239120212317	0.21418905704085137	0.75
0.4057105921185935	0.09392305771421738	0.75
0.36712684060272405	0.2270876982371935	0.75
0.3686764075905385	0.3920050826040847	0.75
0.318299609184039	0.3224337008992854	0.75
0.31734175272474013	0.3023490838801799	0.75
0.36107564015710636	0.2942575979940376	0.75
0.4116293689603335	0.2215474727652198	0.75
0.37577884482763546	0.0	0.75
0.44966394496897566	0.26519666627687116	0.75
0.3001736351937936	0.2924017126654219	0.75
0.44233679132498027	0.14359393188183944	0.75
0.415586707335659	0.26069778203813876	0.75
0.4953732877632129	0.2183245067565597	0.75
0.4665330979173337	0.20802507946691515	0.75
0.33043806683703747	0.1348013719281918	0.75
0.39068588965737566	0.22846166975367346	0.75
0.39984867354657955	0.06550767859938683	0.75
0.3404754548076526	0.3523131585492304	0.75
0.36109634694529036	0.21860405520312892	0.75
0.39050490369105983	0.2985808162797065	0.75
0.31851897748434566	0.22213397319991499	0.75
0.4359305348393677	0.1698085097159685	0.75
0.32008863267552756	0.1885554218490954	0.75
0.44273673424884435	0.35875874350743325	0.75
0.27728538824710747	0.19159253238907178	0.75
0.32801712853244924	0.026903776354912923	0.75
0.37898298990048107	0.14280152679817126	0.75
0.4016484683543871	0.12111792212443062	0.75
0.3009983910254442	0.1383900617202859	0.75
0.34977857965959097	0.2513646013962117	0.75
0.38131349884666066	0.14390542849005256	0.75
0.35576188936462416	0.08960623413534952	0.75
0.3632319283831192	0.0671623207689544	0.75
0.31861490381390284	0.3155937046851065	0.75
0.25920871361270703	0.1707203901968028	0.75
0.3289429631171613	0.26786633162542084	0.75
0.3365424355401473	0.1947823608435525	0.75
0.43670034076139813	0.2257464447971032	0.75
0.41560281113520936	0.31128005882142606	0.75
0.35174130674010945	0.2936747433637472	0.75
0.3233959227814253	0.21753940484718062	0.75
0.30517443789308457	0.19266854614749288	0.75
0.2825186251114674	0.168537641533217	0.75
0.2843537252034006	0.30801951362613794	0.75
0.3693211987855451	0.3149238632062909	0.75
0.37257148264489115	0.1747325896290392	0.75
0.32730392864773694	0.31848695605887767	0.75
0.34721644142041125	0.2557598218299213	0.75
0.36783469085531084	0.24917089908193843	0.75
0.4422016684535878	0.26988717999926926	0.75
0.37716490587227514	0.33499259305314927	0.75
0.3953615484122224	0.7348422370297439	1.0
0.42948226952487945	0.791222444685219	1.0
0.39605105884128927	0.8693511422435806	1.0
0.41767195366921706	0.8883250308051991	1.0
0.38920177652374793	0.8511653264828256	1.0
0.38939441014847853	0.7680471094278349	1.0
0.3582120816871705	0.7282283363404307	1.0
0.31541806865890254	0.8491996509462079	1.0
0.30088023676956094	0.8966826871435186	1.0
0.3520029234625266	0.904804632850991	1.0
0.37390752700817226	0.8071362657453653	1.0
0.37445032427992353	0.8185845014413202	1.0
0.4295465867145113	0.801678241695034	1.0
0.41892934684414695	0.7118952161492276	1.0
0.3888692324184356	0.7410040019877034	1.0
0.389041876763184	0.7056411797526917	1.0
0.40537413731826716	0.7246525652232949	1.0
0.3893080823555137	0.6825019244705286	1.0
0.3620043412127537	0.9043510743232044	1.0
0.4013702526147382	0.7588221092039715	1.0
0.35131129575418	0.782965049126651	1.0
0.4413295046972864	0.84199239767395	1.0
0.3641742543415556	0.7504065388099037	1.0
0.3986248385249407	0.7428387849061511	1.0
0.37463209633555544	0.8940913798876613	1.0
0.37477529698790973	0.7607795549440697	1.0
0.372495354568416	0.6157701912053589	1.0
0.3623572185296567	0.7984407012007959	1.0
0.3571500328636399	0.793306518471786	1.0
0.3493708348746886	0.7533478265542446	1.0
0.38749294090456926	0.8192815403541354	1.0
0.3485065697445654	0.7166664337448659	1.0
0.4287738788641389	0.8545027719398679	1.0
0.3580702614445321	0.7831399868128542	1.0
0.33441561439975714	0.8191741326003672	1.0
0.3609486562643657	0.7970963650774238	1.0
0.3757878163796809	0.7435301050687938	1.0
0.3715052786888441	0.7677870941444263	1.0
0.4033288708706704	0.8142653150895192	1.0
0.3723122283312148	0.8888795234355498	1.0
0.38741730519669937	0.7384895854254216	1.0
0.34893980860955004	0.8292875808352305	1.0
0.3721120532447786	0.8729461891056008	1.0
0.32174765345808726	0.8164849724502046	1.0
0.3433957820741983	0.6967885442059362	1.0
0.35411166031492236	0.8156799974116098	1.0
0.3635034037205153	0.6854162189519359	1.0
0.3522789885650939	0.6339243763314814	1.0
0.40274292272332146	0.683277438581041	1.0
0.44360203021999267	0.6892812215683598	1.0
0.4195377146106087	0.7646568326602061	1.0
0.3453553978642421	0.8284722974582985	1.0
0.46338621175172806	0.7859200688955454	1.0
0.3172379480122181	0.7067402979434394	1.0
0.3473752299157187	0.732018229868336	1.0
0.318517851517282	0.7689031822158697	1.0
0.344322152479863	0.742781812221222	1.0
0.3459718912168615	0.6516724220297283	1.0
0.3877167030676637	0.7702389656322426	1.0
0.29136563009573685	0.7817230136983389	1.0
0.3694301811399542	0.8189084935996092	1.0
0.36068788988889083	0.8582095693019063	1.0
0.4048944679794654	0.6114453481122417	1.0
0.3706857132853104	0.907068250003159	1.0
0.410837991757878	0.7177633197434705	1.0
0.379006322063984	0.7347063472437274	1.0
0.36690914835751076	0.7758918850859513	1.0
0.3407786649362633	0.6744954428973415	1.0
0.37779174439329927	0.8380355617058848	1.0
0.4611397049596218	0.6805001299324317	1.0
0.40256498749844266	0.8361361263366903	1.0
0.3816999433204984	0.6690866934494452	1.0
0.4142283471238637	0.7294763565343847	1.0
0.45088567072056407	0.7159407474259338	1.0
0.3749420858355617	0.8261896380164475	1.0
0.39536959386986753	0.7659476582331952	1.0
0.4028234778924845	0.6860074288545955	1.0
0.4470909266877694	0.6966484498829	1.0
0.31119567191687053	0.7390623243740784	1.0
0.37267873004983704	0.8466343468006633	1.0
0.39380998889933433	0.9282168824054089	1.0
0.41742208648759344	0.8162628288437526	1.0
0.33220025841126577	0.8247905071110582	1.0
0.39764335221264197	0.7897657353145292	1.0
0.38713662369543167	0.7754495803164856	1.0
0.42026497247594885	0.7227690587929945	1.0
0.3499065043280291	0.8269440422772747	1.0
0.3258263494719962	0.9389702153674211	1.0
0.3430656733148727	0.7131923028329024	1.0
0.4327518858789306	0.8065178478531965	1.0
0.3600759020110862	0.8607537332510811	1.0
0.4064097808112587	0.7259224892178704	1.0
0.3129303423846985	0.8471804728930499	1.0
0.382862537515077	0.8516963465668328	1.0
0.4301113186233238	0.7617544436399846	1.0
0.4278566626394588	0.7874666969168542	1.0
0.3411966118459726	0.9281231776077024	1.0
0.41279346762045976	0.7998429948680933	1.0
0.3953671627901853	0.7338987419096993	1.0
0.40631553380036384	0.7690119245406682	1.0
0.4392596135973438	0.8627843167725614	1.0
0.2684228935033803	0.8140889778461426	1.0
0.3772246383867993	0.8402834386767488	1.0
0.32891555178044835	0.605506870361623	1.0
0.37702127738876584	0.7928532940134367	1.0
0.39134766519702047	0.8090589943933512	1.0
0.38907242681659493	0.8524230265431592	1.0
0.4170738949034364	0.856046760196513	1.0
0.35002145425075853	0.8522127182437558	1.0
0.3355631965956105	0.8542563223198577	1.0
0.3718196414961629	0.8439524411847297	1.0
0.4453028069328562	0.848235725612144	1.0
0.41878393671678554	0.6924232478154304	1.0
0.36826760054440133	0.917819040434137	1.0
0.3597942552608512	0.8625421288682091	1.0
0.36852416662917403	0.8015492314109034	1.0
0.37946841918552954	0.6540570295926873	1.0
0.43462068338867005	0.9510388175307947	1.0
0.36949541799729835	0.7539171798689248	1.0
0.3670950760410454	0.6158648693573214	1.0
0.3785839778813491	0.8978449645067619	1.0
0.3055722706906857	0.9053374680956667	1.0
0.3420932247462122	0.6753883949578633	1.0
0.33464392225589756	0.7887615746967147	1.0
0.35789892293491654	0.8034716850699454	1.0
0.36816782764124717	0.8801615139106573	1.0
0.3475361414632531	0.9128909356191386	1.0
0.36475568220390703	0.5784274380125822	1.0
0.3294664133765357	0.7919105297440854	1.0
0.3525622823632255	0.7887170092915848	1.0
0.37643839478628605	0.7140529853248003	1.0
0.35478126409391386	0.9894580116016978	1.0
0.38496985827078156	0.7657045581993316	1.0
0.3541574067048094	0.7417669357669912	1.0
0.45538852167824045	0.742711577622284	1.0
0.32569127310039814	0.8512190932931466	1.0
0.41870481592729325	0.701692348804648	1.0
0.3921507855738138	0.7417118945324477	1.0
0.30819078104705877	0.763071092454817	1.0
0.3783906552946543	0.7926431941491718	1.0
0.38519954321627736	0.6342637439501331	1.0
0.310061912818492	0.8227792275005104	1.0
0.3724492771789068	0.7439162288893593	1.0
0.33163938282695643	0.6952897794925632	1.0
0.4325046407120471	0.8004038464900415	1.0
0.4097156923975886	0.6540078465917719	1.0
0.32906322097079743	0.8663923970223226	1.0
0.4132448884253216	0.7052523260924904	1.0
0.3740985770203813	0.7154424641064141	1.0
0.3568247683697222	0.8772505603190229	1.0
0.4020070798218855	0.6886041876226379	1.0
0.32699877423431106	0.6764643278194563	1.0
0.35325599882574144	0.6942053787612321	1.0
0.4471082199766068	0.7409417325738319	1.0
0.39999732792476367	0.7130562243433531	1.0
0.4061786651979496	0.8280484087038418	1.0
0.33835035012086934	0.8368753891790698	1.0
0.3146326033896752	0.8265558077577426	1.0
0.38687423418626404	0.92721087834495	1.0
0.37292049220776136	0.8003097833107717	1.0
0.36070816163837643	0.9201331499266184	1.0
0.4424029309541519	0.7783633551827442	1.0
0.4036770264380202	0.8032286541815417	1.0
0.3455427528748931	0.8796586419970035	1.0
0.4005304721772286	0.8841352544748855	1.0
0.37498933687051617	0.8179632128576794	1.0
0.3515567392832081	0.7368655438130722	1.0
0.3863634868664064	0.8084895718730599	1.0
0.33501312397832517	0.861480631104953	1.0
0.3980809721303062	0.8955822106088027	1.0
0.4912072516993107	0.7813934868487089	1.0
0.3487641758819513	0.7500635840469463	1.0
0.4138719381846812	0.881953292238415	1.0
0.44310006221996406	0.7436636140823707	1.0
0.37542876466437697	0.8622521999643373	1.0
0.34745033281487087	0.7595756395673818	1.0
0.31114680157059527	0.744430796436532	1.0
0.35429227977808786	0.8630509888482449	1.0
0.31529346096266025	0.8041870301452072	1.0
0.34497177169397525	0.6961034967321462	1.0
0.41615102316352626	0.710083560676777	1.0
0.416258111151237	0.6965665229459572	1.0
0.3938321497325363	0.8060689211239156	1.0
0.411553992779743	0.825628890382323	1.0
0.36347147136676133	0.7372344184850002	1.0
0.41220769034214955	0.8720568600634844	1.0
0.363264978085465	0.7441138933908362	1.0
0.38923132985133607	0.7725073317586424	1.0
0.4415101659571177	0.7535546871151133	1.0
0.37456776669860165	0.7639575321626106	1.0
0.31911409897913223	0.8114768679902677	1.0
0.3382544283092974	0.7605479254327858	1.0
0.4011295000403686	0.6716082151632583	1.0
0.4302515446748294	0.7996076879329472	1.0
0.39666901301271423	0.7038828617713366	1.0
0.3655385057229249	0.8310009380527543	1.0
0.34575621108530274	0.8426970985560893	1.0
0.3110674367138241	0.8081068913231624	1.0
0.36301113029426507	0.8020883750821199	1.0
0.3990344398112777	0.7745769665611231	1.0
0.3309307897570843	0.6648528651490516	1.0
0.3951936193339935	0.7702417613525523	1.0
0.32288310157145395	0.7340877324246473	1.0
0.38910985461994124	0.757047382034983	1.0
0.37117165585948836	0.9150495816710853	1.0
0.32587166341905593	0.8999348061190309	1.0
0.30604631136431204	0.8241406411223726	1.0
0.4016785504811194	0.7411156874546626	1.0
0.3655808182884448	0.5960188105840777	1.0
0.3710456993153677	0.8625628714216255	1.0
0.3071022992474651	0.7671774602868535	1.0
0.37243072302943386	0.8620486388428247	1.0
0.3597872961316043	0.7765264263949567	1.0
0.33351325915724184	0.7385235008097453	1.0
0.43111423212845584	0.8723227479740914	1.0
0.36638109867861257	0.7708587518728945	1.0
0.34719287652447445	0.880651594587767	1.0
0.40648721392245757	0.7989427301854892	1.0
0.31526107267450587	0.8840262823738984	1.0
0.3977224803012777	0.6698592769619938	1.0
0.3861861121254176	0.7114579350046839	1.0
0.36814144031073903	0.791583355381995	1.0
0.354180327660163	0.7825729562042758	1.0
0.39710105835961884	0.7755602286893853	1.0
0.41800474603460813	0.801713941643927	1.0
0.4023542587710073	0.5807689281305637	1.0
0.3365519531553271	0.7171203516162423	1.0
0.2799814286303176	0.8324384462265476	1.0
0.4004767594717519	0.7381903105750673	1.0
0.3709426078987996	0.8758655517803101	1.0
0.3358626551985896	0.7287992307970625	1.0
0.32546641875824955	0.755995200318591	1.0
0.406778727713021	0.7058855092082559	1.0
0.404828440180393	0.7045019415746738	1.0
0.35767645139013626	0.8447616642667819	1.0
0.41235014602028214	0.780971209572022	1.0
0.37301348220073954	0.7950593845018383	1.0
0.33522012193747486	0.8952610297472776	1.0
0.3880555895563093	0.7110930275732907	1.0
0.31987435471544956	0.7809845581861818	1.0
0.3607568519652724	0.7826296650295964	1.0
0.3636732500680127	0.8359217331286115	1.0
0.40445910550915776	0.7609605244083697	1.0
0.38807618777726227	0.6811587025087342	1.0
0.41958688976960357	0.6460930875861459	1.0
0.34971026144594614	0.8085623189994674	1.0
0.3773483771903279	0.8980633659988007	1.0
0.3783288810200991	0.8230960676143684	1.0
0.359217881794474	0.7223050775941442	1.0
0.38169465166801864	0.7471118280347147	1.0
0.3528081812227011	0.8512202492610492	1.0
0.3534882421854305	0.8679916872916806	1.0
0.38726731307183904	0.8090686608152657	1.0
0.37898595481484776	0.7812113185898497	1.0
0.36337869330787875	0.6384025823768844	1.0
0.370808583180542	0.8265047271974905	1.0
0.3797974560908805	0.8257848747789956	1.0
0.4113848369904519	0.7299500474841789	1.0
0.357476784193348	0.7451775762295196	1.0
0.3799390797859873	0.811572005003519	1.0
0.4354680258646647	0.8060032665600043	1.0
0.3660253089940033	0.8960695300505594	1.0
0.40297293640556703	0.7838559022012986	1.0
0.3976248745768247	0.8551046778040244	1.0
0.35132839746844335	0.807180952901156	1.0
0.3122666832717607	0.7163418333121403	1.0
0.4101759650621525	0.8355821827737808	1.0
0.39515798315351874	0.8365734016227611	1.0
0.33546254182039653	0.836497293594797	1.0
0.4078522996127393	0.8028407062883256	1.0
0.32835900714100325	0.8927309359399338	1.0
0.32743783720915354	0.5303273572850724	1.0
0.43297039911217483	0.7959413217704552	1.0
0.43186054382208494	0.7741864065304059	1.0
0.3305776207410227	0.8011519168825444	1.0
0.3868826243902247	0.8467429378594393	1.0
0.4043594464956322	0.7116827023839071	1.0
0.38466018162682813	0.8190070784811353	1.0
0.36382858518603794	0.878263153596138	1.0
0.3806056428421719	0.7457630458403239	1.0
0.3799211408137044	0.7470530805636064	1.0
0.45383369919373984	0.7104538631411905	1.0
0.3563184624353518	0.8382651018991476	1.0
0.3788716134425978	0.8089791120275945	1.0
0.4235587819686932	0.772837057591726	1.0
0.3658568083552961	0.71366075758555	1.0
0.3819253122308335	0.7542714447555556	1.0
0.39094944982537577	0.8303203877950464	1.0
0.3857387183318167	0.7909411468833238	1.0
0.33602003761841726	0.6847622126238873	1.0
0.3741652386067567	0.8320627993919392	1.0
0.3995585621999913	0.6953734549664713	1.0
0.40059494415341157	0.8157139844848188	1.0
0.38713570631075633	0.7751503936265993	1.0
0.38178216072264254	0.8828645848171066	1.0
0.3615705061420904	0.8215103458821611	1.0
0.38852902408914064	0.8148705713498461	1.0
0.4025081618935828	0.8472167947180256	1.0
0.37202602596657286	0.7784593656930285	1.0
0.38340456041982796	0.8100537236466177	1.0
0.3848262989679515	0.7547281875379408	1.0
0.43424266890718727	0.7882014492919688	1.0
0.3728659716214382	0.7593911372222701	1.0
0.3696471737152451	0.8763415446851263	1.0
0.3913793034211063	0.7336613606802068	1.0
0.35996582636004426	0.7709223614047023	1.0
0.4296652483718924	0.7799809775799614	1.0
0.3554658395636535	0.8561595161445679	1.0
0.31500710782076347	0.8038191499629974	1.0
0.40271363132218635	0.7930096316647164	1.0
0.40275913455681467	0.7395477691076839	1.0
0.36816020027095825	0.8531394338440976	1.0
0.38676251718565	0.7105772976894175	1.0
0.34402115790281357	0.7634210296887286	1.0
0.3921849519140977	0.7312956803352569	1.0
0.374049405514493	0.852289093769052	1.0
0.33375244608924814	0.6886354846180727	1.0
0.43707705787176454	0.820999066339624	1.0
0.391309382232911	0.8194599265137092	1.0
0.4277519790957962	0.8376323796678236	1.0
0.380402071407611	0.8111172509556723	1.0
0.32952295029691314	0.7591690739833226	1.0
0.3616767531269217	0.6758728487284724	1.0
0.4125345124709241	0.854770168093651	1.0
0.3889350657910741	0.748167111100436	1.0
0.40847160917238234	0.8855508606129596	1.0
0.3914870728552546	0.9852935090994526	1.0
0.3659359503239298	0.7130115095281966	1.0
0.37059826562789616	0.7460092179382708	1.0
0.3974724376405327	0.6701654731072584	1.0
0.3585596260042438	0.7809773042338464	1.0
0.3842709412083191	0.7027224880396732	1.0
0.43851015058100024	0.7996501744923348	1.0
0.40187838762496403	0.7816871653041527	1.0
0.39807036975639665	0.8221582014332915	1.0
0.3538200101961112	0.6406140380252469	1.0
0.3736265133183777	0.6955512432427488	1.0
0.405087141731421	0.7067077239824766	1.0
0.4508882424766073	0.8882580770012749	1.0
0.40823710628099097	0.8461882371112945	1.0
0.3762175984107197	0.7896672775959364	1.0
0.4047811263595802	0.7626463001884034	1.0
0.36522984560375327	0.7848261620627889	1.0
0.4170743182617575	0.6885418396469294	1.0
0.419292185157132	0.7699697067051807	1.0
0.4051891602946436	0.7579843416112686	1.0
0.38884024897104297	0.7179963346568479	1.0
0.3791165698624035	0.7742638169868243	1.0
0.30640254087276486	0.8168213277679783	1.0
0.39600889483869284	0.8113389907689452	1.0
0.3937961562490527	0.8297825648079802	1.0
0.35515379572715583	0.8291685439468414	1.0
0.39121329626576967	0.7447233239385429	1.0
0.3664106900501828	0.8153483871034707	1.0
0.4320235626002804	0.7484795866813241	1.0
0.37129566338929054	0.8429755063044899	1.0
0.4722053912585353	0.7679596490698906	1.0
0.3739405698437632	0.8117061840232291	1.0
0.42485059829362065	0.7965036868266883	1.0
0.3193902258284885	0.9092866360644071	1.0
0.3639099552136494	0.832491324049035	1.0
0.36174407180093576	0.8388161285213496	1.0
0.37546766505273205	0.7292580081687096	1.0
0.3486609670773425	0.9204969478790206	1.0
0.3771732208928789	0.8747399365943334	1.0
0.3873902704577558	0.6691306994679839	1.0
0.3788539046700257	0.925851898979598	1.0
0.3976741678270517	0.8547360647564788	1.0
0.43969374244188014	0.7645241704110863	1.0
0.4001899584215419	0.7312348874645433	1.0
0.32200668714505387	0.8633134289074051	1.0
0.38977113666370744	0.7854030452379812	1.0
0.45544631611466874	0.9393020204320062	1.0
0.3852012896156428	0.6595211359816436	1.0
0.4486680734259363	0.7553344664684623	1.0
0.36859637751593405	0.6854226070970317	1.0
0.4062295317124902	0.7422799041950173	1.0
0.38844895461749984	0.8167566069825295	1.0
0.45316814777877135	0.9305475543052479	1.0
0.337575692119286	0.9146933629344731	1.0
0.361961383582047	0.8580161238705324	1.0
0.39350270992789	0.8892577326418154	1.0
0.38501825480316826	0.7969955363323887	1.0
0.3024876677752436	0.7973966267969083	1.0
0.35326270172232166	0.8364740239824355	1.0
0.42082523848445763	0.8369730983354208	1.0
0.348463432766256	0.7465962885542468	1.0
0.3501611155337624	0.811463090362194	1.0
0.4254084991829295	0.8260919363538282	1.0
0.34733905393092185	0.825330046289914	1.0
0.35606250314934657	0.8263968334832944	1.0
0.39593331291533135	0.7965121478668421	1.0
0.3703206092968412	0.765042329185956	1.0
0.3919218265622878	0.7217817043720702	1.0
0.36184973397942266	0.827784323588554	1.0
0.36467653552871027	0.9125317948065291	1.0
0.34930158525762917	0.9113163247226876	1.0
0.37485895498989424	0.7133484036705646	1.0
0.3926153778047334	1.0	1.0
0.27545937074573124	0.8401595086034854	1.0
0.41226946339012693	0.641599328736665	1.0
0.35878383960210636	0.712147807657071	1.0
0.41861334528547584	0.8658812602246648	1.0
0.35724916686227104	0.8374833622503352	1.0
0.38316500690066707	0.8225355428962527	1.0
0.3853227907075535	0.7489943780340658	1.0
0.30615345864928656	0.8375476967358222	1.0
0.3865934084778727	0.7276494725731963	1.0
0.3411410452164963	0.8082841687111914	1.0
0.3301415169020547	0.8385743466559705	1.0
0.37618394940207334	0.71957697790754	1.0
0.32882250596821033	0.7425672467760577	1.0
0.35043429245376556	0.8075119352400649	1.0
0.3626562336180156	0.6622020812156232	1.0
0.42354609894901474	0.8023727090808268	1.0
0.29820851165870144	0.759300815419305	1.0
0.389172036305795	0.8313728760672681	1.0
0.3793234096957065	0.8121066941467829	1.0
0.37809379860571957	0.9162707238399201	1.0
0.3817194023787969	0.7885835404652914	1.0
0.40521622175418553	0.8800862054390195	1.0
0.35252194036155066	0.7403308149288179	1.0
0.365597420211108	0.9207734193152378	1.0
0.3435521506227197	0.8216812578979076	1.0
0.33238368635925725	0.7317720097723339	1.0
0.3530878447781489	0.7323939084377928	1.0
0.3441323276718602	0.8679338210013154	1.0
0.3534900651244297	0.7592097464714149	1.0
0.3910279649626708	0.8168731315582607	1.0
0.45031661578920384	0.7088445462421428	1.0
0.3909856839736314	0.7270802849358478	1.0
0.38558677690359844	0.878657380912131	1.0
0.34459939475120926	0.8632188669075658	1.0
0.32611099856828574	0.6169165829846703	1.0
0.32748820114806976	0.8666847095583434	1.0
0.3274874178936747	0.8073844280386129	1.0
0.36353072191098335	0.8279185943247449	1.0
0.3399942561367941	0.789191646230498	1.0
0.3655627219035408	0.7576486127944062	1.0
0.3620909732073453	0.7386713675948482	1.0
0.3589674199163657	0.7263054845404052	1.0
0.4248514349247275	0.8408134127678435	1.0
0.40626245091326396	0.7089459149455994	1.0
0.3955782340990525	0.8226262157178742	1.0
0.38874075700602734	0.7976581957827271	1.0
0.39624681336925455	0.79237825360132	1.0
0.39857119090546983	0.8203893067842459	1.0
0.40595829832570285	0.7953392958406424	1.0
0.3995921291128518	0.8783725977587092	1.0
0.3534197058795516	0.8671487418525321	1.0
0.3298408630778031	0.7929187750109118	1.0
0.40745882552355434	0.7880788676750345	1.0
0.4016754545890462	0.7531673044467849	1.0
0.40535727148676354	0.7245837919147655	1.0
0.42537118512368766	0.7546757377435495	1.0
0.39523579444952917	0.7249238584346901	1.0
0.45217902373061947	0.7994538776505116	1.0
0.3447316626749056	0.6886159360843984	1.0
0.4411193016282275	0.7043667957655886	1.0
0.3672198032919959	0.853116880579474	1.0
0.3962349773760107	0.8002264874779431	1.0
0.3395584550572406	0.805911917355859	1.0
0.3788955317085503	0.8101743243662304	1.0
0.37705151887414656	0.8822448903022218	1.0
0.3724688569495168	0.7143980108113201	1.0
0.3703256951113038	0.8216407720561467	1.0
0.37418700756032797	0.7798697079034942	1.0
0.3461126419341872	0.8753558593031248	1.0
0.3177162966856716	0.8406134948577726	1.0
0.36900554453652273	0.7553993723780132	1.0
0.38818988781398367	0.8566224116673071	1.0
0.3618340519916651	0.66168583799132	1.0
0.38648309408166664	0.878908462126371	1.0
0.3829811896883444	0.8838394689408637	1.0
0.41028534596607413	0.7854156689981067	1.0
0.3439759284767335	0.8638545450061115	1.0
0.41088589541353016	0.8586123482375745	1.0
0.3429450149466554	0.8826249075681825	1.0
0.40147023407968113	0.7802165982109339	1.0
0.4121241421268196	0.9578165419727946	1.0
0.4170148783005082	0.7136609255380207	1.0
0.43985112563624035	0.8354915075293415	1.0
0.43013559174490845	0.7161786085981072	1.0
0.3759397412791971	0.8117420717795891	1.0
0.32780312770358166	0.8828879855538391	1.0
0.38601498320411726	0.8023657741400448	1.0
0.37744142062700653	0.8109549292197924	1.0
0.3675112940841718	0.8670828926199059	1.0
0.37534597273534437	0.8210655461516192	1.0
0.36148981772426736	0.8215807157726913	1.0
0.3886520425515722	0.7786315190180251	1.0
0.4043293755627239	0.8355608068572414	1.0
0.36794546251082205	0.8286505328471844	1.0
0.42191603490182616	0.7773599475608323	1.0
0.3257238949345235	0.7039099171938574	1.0
0.3213151891516229	0.6907885897102007	1.0
0.2884972109624889	0.8452312829586615	1.0
0.3745116721172147	0.7635710497745682	1.0
0.36542070483718087	0.9162426476101992	1.0
0.3917905898600078	0.8925988629541315	1.0
