0.19325084247911184	0.417349797038475	0.0
0.22348292569966982	0.3878999773176923	0.0
0.12756230268682134	0.4610620872691707	0.0
0.16995769003445688	0.4993778324279834	0.0
0.18830338639471278	0.4206238178395184	0.0
0.04037918591756584	0.3287864908768743	0.0
0.16437070753537436	0.5211286572233003	0.0
0.0736139296644917	0.48451228757153336	0.0
0.005766033560577644	0.36455357605982586	0.0
0.023108805074966654	0.3462445682492215	0.0
0.014453932812829862	0.3752186023035723	0.0
0.17812758178714294	0.37232136096840796	0.0
0.129827615784674	0.4318811132587362	0.0
0.17686113453541924	0.4671818767155372	0.0
0.10539591028531525	0.4833104054666158	0.0
0.4843755956803778	0.005315777160288637	0.0
0.1512962870301885	0.383972449571615	0.0
0.027767900061057615	0.31630583270484797	0.0
0.5000438325622246	0.019742940024102706	0.0
0.4968627304664428	0.013509601941257277	0.0
0.06789644440636605	0.2978754381039729	0.0
0.04849712337575901	0.3130945409336514	0.0
0.15970909622494694	0.3650903448642675	0.0
0.17073926555048574	0.3249585048649882	0.0
0.0855164366122309	0.3204013031527111	0.0
0.2455736862182705	0.44066771556812406	0.0
0.09736786119688584	0.4284829260366936	0.0
0.11373222970584324	0.44610811819347895	0.0
0.10111187647504721	0.40955625730173595	0.0
0.18858324114884334	0.3427797479077229	0.0
0.09032934375024981	0.4145078391905474	0.0
0.22456115610361427	0.35230668278022065	0.0
0.12456692136777053	0.4267826461911123	0.0
0.14759274506873982	0.4855293096176874	0.0
0.10422665633968992	0.40165031722521505	0.0
0.15657523166605192	0.3669319101695556	0.0
0.18544183655023577	0.3890769491951057	0.0
0.198083003886094	0.3257258646107929	0.0
0.1936041048592378	0.5215975987572431	0.0
0.1632012915987599	0.2981091940610597	0.0
0.16154749737260493	0.44756589789468626	0.0
0.04759860359464696	0.41751998884506447	0.0
0.5032564301758216	0.016791232601417794	0.0
0.13212227493580608	0.39684538177870887	0.0
0.19951826976365716	0.29533280659274364	0.0
0.223094649324367	0.4021599667321034	0.0
0.1558621528908251	0.5166251031215789	0.0
0.0131049790167721	0.3383279568430798	0.0
0.21466039007855742	0.37958712876050127	0.0
0.20052094924080943	0.41502803054415127	0.0
0.07523253644883177	0.3845042012975547	0.0
0.5003062869167889	0.0008543667790473775	0.0
0.19348548784423408	0.3772838037832561	0.0
0.17975218176615898	0.3331682957429003	0.0
0.10260297772856403	0.3627929261477528	0.0
0.028458083908397602	0.3356364895496179	0.0
0.1705937786144916	0.40397463672291634	0.0
0.08631317019821788	0.4213544622525132	0.0
0.14439250580582902	0.30326541813724517	0.0
0.17867113776868482	0.3227617564453663	0.0
0.08981368934591089	0.40265722315044106	0.0
0.23932168275421734	0.3606090513424379	0.0
0.0735343639921327	0.36542429227884315	0.0
0.03667303507473879	0.375352259556021	0.0
0.14410386455621466	0.3221340358728634	0.0
0.11559790164876388	0.41814951089380253	0.0
0.19930897588290414	0.44510076639202706	0.0
0.13244529682356015	0.5105127397778342	0.0
0.06702445405730123	0.32902759291432115	0.0
0.11493067283090835	0.42859696886283827	0.0
0.06150089787732649	0.3398556942227851	0.0
0.13484567716235785	0.462972119884575	0.0
0.19302027662897958	0.501569497606409	0.0
0.09331515751475716	0.2984752218471298	0.0
0.1425214722219833	0.35346888659784137	0.0
0.1909283754388424	0.4713014660984548	0.0
0.10497272272426666	0.33720207404103913	0.0
0.17093813070359137	0.42637783990655326	0.0
0.2023629511681403	0.3467905210232024	0.0
0.04700574198114371	0.38660132884009757	0.0
0.48962359703622854	0.005111872432408071	0.0
0.008881926111483196	0.3389290486876906	0.0
0.15492913788778978	0.4340073056472322	0.0
0.2293266410292094	0.43048920274695046	0.0
0.17052434524299392	0.3916199650086638	0.0
0.1303136341275925	0.3782181769455737	0.0
0.12405297663297693	0.3436931687649619	0.0
0.03611947059523979	0.3464881853685265	0.0
0.08146112512745335	0.29211725971997915	0.0
0.04241703987341877	0.38210103823790575	0.0
0.0022880330813241923	0.34847402879552347	0.0
0.13954623451724396	0.3307720301633323	0.0
0.08400419867868059	0.3260493907892592	0.0
0.15687620367599786	0.3310390934429651	0.0
0.11719212257327949	0.5184178356496252	0.0
0.23378938500993018	0.36543207658365545	0.0
0.052875445983740665	0.401010837912128	0.0
0.07438950532396382	0.3153554384539667	0.0
0.1619243330178266	0.3937821114690844	0.0
0.016410467883937574	0.4139949591780819	0.0
0.06674372741846146	0.3020965753282362	0.0
0.06538502500771393	0.44774708668116203	0.0
0.11865622321582492	0.4618748048631746	0.0
0.14991661157805586	0.28124551614027604	0.0
0.23681425231329442	0.39752971604326715	0.0
0.4842525796433005	0.008560008888185089	0.0
0.03606031610599236	0.37378004699681144	0.0
0.0005577420662495891	0.34778710162924487	0.0
0.21960886512630573	0.45467874439852807	0.0
0.14504654843275905	0.3033826676868326	0.0
0.1584674747688835	0.41949604807847524	0.0
0.10895688181418262	0.3961041146341783	0.0
0.0635701990748736	0.30265462648394814	0.0
0.07776933337607589	0.28769869937128456	0.0
0.2041337001930152	0.3393025203472481	0.0
0.09905503649096609	0.386957771042322	0.0
0.0633040090652191	0.38242689127015317	0.0
0.22554758264186864	0.35851782774897667	0.0
0.1164396792101498	0.32312758074310144	0.0
0.24619407816598254	0.40232253912262217	0.0
0.41846738161917135	0.3946067505546473	0.0
0.005959575406293438	0.3439134704780118	0.0
0.09300670196405814	0.463057363734544	0.0
0.22979764802832658	0.4481853132871393	0.0
0.18658153196152144	0.44012937546022884	0.0
0.020488671158081173	0.3902277475065681	0.0
0.15954624876109696	0.37628194643642493	0.0
0.05312247904518019	0.30342156443481366	0.0
0.13340976319798187	0.33641309199726793	0.0
0.18001687650031356	0.3028541241519437	0.0
0.07906838044225994	0.42606156520957045	0.0
0.10325632839787718	0.3865544920197641	0.0
0.16239876460009833	0.3581836024934465	0.0
0.03856757398752242	0.36066889828188664	0.0
0.16526718674505714	0.4525557029336631	0.0
0.4798594220032392	0.014425721999425156	0.0
0.050207405223461676	0.3728260065624755	0.0
0.11490055861740794	0.40706758818937155	0.0
0.49520520116138583	0.004654844170985273	0.0
0.13094653194923722	0.46396184697156717	0.0
0.4932502963850827	0.021474480073578217	0.0
0.05016436415250214	0.37955330858639347	0.0
0.2024960265062068	0.41486522572188844	0.0
0.05021040585112735	0.3240611642090441	0.0
0.15471078354233248	0.5145072508091232	0.0
0.1242280731947582	0.4375651300877865	0.0
0.1643772617489726	0.49844699455941865	0.0
0.10220896768785398	0.3935648114075556	0.0
0.18834781539219853	0.2913462287523848	0.0
0.0923451525735478	0.319963572109781	0.0
0.4800386416748024	0.008631117377758568	0.0
0.1801002028577609	0.4649676128707898	0.0
0.16755615673816776	0.3118108935663927	0.0
0.008038894081405346	0.3551416030269593	0.0
0.0837342323016006	0.43606509407596594	0.0
0.16398496960068393	0.5208366660711996	0.0
0.1312384538428638	0.41568637756303195	0.0
0.07142153131374984	0.4170811231598326	0.0
0.12373546005656566	0.39373147611546455	0.0
0.07725323774786802	0.36995047864510794	0.0
0.14657462783712788	0.30321014369772203	0.0
0.18233005712587264	0.46036877708063084	0.0
0.4848214320244686	0.015742687599025862	0.0
0.49665285238313256	0.014564301685000003	0.0
0.19155802958133322	0.3958299078936669	0.0
0.17371759496843786	0.3140328330676247	0.0
0.06535566821109612	0.36409720176866667	0.0
0.016376133327326348	0.414382956479332	0.0
0.5110374188670376	0.026934060145065053	0.0
0.049941971053080014	0.4080607145692028	0.0
0.488279781377427	0.018714157674841636	0.0
0.4954793553716606	0.017341817028675877	0.0
0.1855716727816647	0.3889449319849307	0.0
0.18773531083369954	0.36664211057388196	0.0
0.11368579962619801	0.4476566624492848	0.0
0.09619463934347106	0.476785111004424	0.0
0.06533569372212805	0.2840566707934783	0.0
0.11666417215723368	0.47597393046148356	0.0
0.09823923458768824	0.4211569253300551	0.0
0.15019263103270036	0.42517931147846383	0.0
0.175374054500271	0.3322842002915885	0.0
0.0516634355658957	0.2920447360290632	0.0
0.057673273259570945	0.3013238853772886	0.0
0.06071679362042015	0.4339016174009578	0.0
0.030934970304290765	0.3773410088179783	0.0
0.0968286485980766	0.31277302076194613	0.0
0.14746802907415596	0.5359915937523873	0.0
0.04804252500039258	0.3704924399703341	0.0
0.14540422978628315	0.48745167588148747	0.0
0.0401539595544147	0.35035076927282216	0.0
0.15935108137271098	0.371363253342901	0.0
0.07300337992904915	0.4864694047812288	0.0
0.22145739794392572	0.43859237813996965	0.0
0.0660607590374317	0.4335229926026925	0.0
0.08212398394084708	0.38559730670652265	0.0
0.23053454549899632	0.36568406035392564	0.0
0.024985725746750342	0.3705909110917039	0.0
0.04446105565430425	0.3121825009964556	0.0
0.22182623098507243	0.38204755925605594	0.0
0.09534758692445244	0.3210435929182054	0.0
0.13874615339944274	0.3553531993873336	0.0
0.04759221677377162	0.3344703243096996	0.0
0.12060744781506033	0.39604774926590613	0.0
0.21253392512701363	0.3222751833817362	0.0
0.052178994225829056	0.29788617437541964	0.0
0.16141731169146045	0.42972184618970066	0.0
0.05952668005083023	0.3997553101289346	0.0
0.18808650693739604	0.4603871246371415	0.0
0.16770049548799065	0.3906564833933718	0.0
0.1684805828058482	0.29421502614189465	0.0
0.029016117291639665	0.3196556918065502	0.0
0.005143751178719569	0.3276936569924136	0.0
0.13570404055957042	0.4700188707700401	0.0
0.106223315406339	0.454168886273968	0.0
0.17801093898956777	0.43487875468279263	0.0
0.0756429190802706	0.30129765987282264	0.0
0.042202790576273186	0.3595153319378255	0.0
0.4921571786607412	0.0	0.0
0.07981503704199305	0.3581854930612324	0.0
0.0734695417461006	0.41914230648414763	0.0
0.21603447492126854	0.3525634444392347	0.0
0.11844106695047119	0.38786428923203853	0.0
0.0705530153406912	0.3981419824216763	0.0
0.24133433244971547	0.4028496296428334	0.0
0.18509083851786695	0.29906901802926344	0.0
0.20297668370029637	0.4946770042574202	0.0
0.09868305624388984	0.4671564603842539	0.0
0.141667686468063	0.444460266687164	0.0
0.15888847676036738	0.4735819888108993	0.0
0.4895339183567885	0.015864742005204602	0.0
0.10449513832430962	0.44981492056320904	0.0
0.17269391095596098	0.35111141153163894	0.0
0.20435765726797905	0.31577361667645043	0.0
0.21787721238408542	0.4551006840938879	0.0
0.03390066948997378	0.37730942868520523	0.0
0.15179281915902532	0.33446374208594143	0.0
0.20902936114186244	0.4691236028524855	0.0
0.07557276430743226	0.38370384523706236	0.0
0.19536849032466058	0.3517486234250167	0.0
0.12310867572021628	0.46333413074542096	0.0
0.03966818608991557	0.3804059782776783	0.0
0.1285212004307465	0.3685887085954879	0.0
0.15741426517538926	0.29192360780208015	0.0
0.10446970837794062	0.39990560715957413	0.0
0.20324320521900924	0.36708675218471376	0.0
0.16223262944772154	0.34660195374351666	0.0
0.17808174616456707	0.48186173127662413	0.0
0.04161289692403358	0.38048502750904534	0.0
0.15939942459128387	0.35180070113292283	0.0
0.17787704139786387	0.4320203984123224	0.0
0.23708480933092285	0.41664928161075193	0.0
0.09858926960302022	0.41971512045089904	0.0
0.07425857372559908	0.3492211211205135	0.0
0.23622466714786372	0.4426925628761231	0.0
0.02927648233589225	0.33463661302204073	0.0
0.15175767442849708	0.5296211472999504	0.0
0.1967596996871248	0.3610013065913467	0.0
0.22900179079053568	0.34512848826342307	0.0
0.09941897888955809	0.3106620227928919	0.0
0.16444579572552387	0.30263435151404494	0.0
0.06583796598145103	0.35335145316629446	0.0
0.1708448313961924	0.43343408195828365	0.0
0.09204557180011952	0.40124832217831796	0.0
0.06485611775507549	0.40961269175331616	0.0
0.12082202648108403	0.3942680367719491	0.0
0.11292868788136629	0.48586262582446166	0.0
0.18219116616340852	0.40229786848149585	0.0
0.14084657721362676	0.353362176920524	0.0
0.15019025264674796	0.28153051276916197	0.0
0.1705089380433265	0.3646933280290805	0.0
0.11508064256591577	0.4083874414043225	0.0
0.20663539369914974	0.37721964892409576	0.0
0.1536964456056038	0.4626253064868746	0.0
0.489751390538271	0.011077081501073782	0.0
0.23338037517038004	0.4404531992035323	0.0
0.0704888585956362	0.30402639280013144	0.0
0.19750572659338395	0.45829863842486707	0.0
0.18907409449968443	0.38413400207862475	0.0
0.14291943842922128	0.47698735815138704	0.0
0.18948072230044416	0.3656243759575132	0.0
0.15172660083334816	0.44721035586715496	0.0
0.22904031373430728	0.43929686132301493	0.0
0.17741726748683212	0.42351383477564075	0.0
0.03465864169887545	0.3433289498362502	0.0
0.18295719260329846	0.4033908974285255	0.0
0.20076185595587392	0.44461719409517403	0.0
0.23769419095995903	0.36365341440918175	0.0
0.09901530386315471	0.3849633053569831	0.0
0.0563954775363002	0.4248644057818104	0.0
0.16833497972406752	0.41549717152090626	0.0
0.20305374427701645	0.3433226499261596	0.0
0.20264707043629882	0.2947272895465409	0.0
0.12334765422963578	0.41375148403762985	0.0
0.1696642407758699	0.42620648739261857	0.0
0.06916971330503091	0.3077136738840819	0.0
0.008345791039898187	0.37079370753236734	0.0
0.16540316355687895	0.4525096583474592	0.0
0.16973191207119642	0.34802741751021965	0.0
0.18012616177583685	0.3170095150214523	0.0
0.20134680151403223	0.4963143853820038	0.0
0.05473377412852326	0.43864511156705793	0.0
0.11694015176257427	0.5185037472306702	0.0
0.20042895707794428	0.4149747623393532	0.0
0.1881250363880655	0.45119270113004173	0.0
0.08685932891044335	0.29214975412606436	0.0
0.16278864601372417	0.41236400634689574	0.0
0.07635183796747225	0.4866084281429445	0.0
0.4848905632920993	0.010826425358385183	0.0
0.2101145466817218	0.3228032706841082	0.0
0.07876096601498378	0.40712760372446904	0.0
0.12574643933819507	0.4156018538682081	0.0
0.22613902282854598	0.39044750089157826	0.0
0.4987179845681633	0.007201242697779997	0.0
0.21982731280998663	0.4284768637981211	0.0
0.1568536136098302	0.448227857964327	0.0
0.1144368090216511	0.42984623286156226	0.0
0.17488392397718883	0.44352384757205093	0.0
0.029080216949148918	0.3971403987770836	0.0
0.2383062844165084	0.4407445819304316	0.0
0.12688692792441508	0.35672279443885874	0.0
0.4957739909130342	0.008806698092316378	0.0
0.1902216578277766	0.5338312290353258	0.0
0.1750913957324302	0.4208412830974154	0.0
0.08831568659952138	0.43328898441100516	0.0
0.16693375590955262	0.37395650615156306	0.0
0.1752147620137004	0.40942311689510624	0.0
0.06292251643785957	0.3822493590994849	0.0
0.183647139025661	0.4164801213781245	0.0
0.0848930432091819	0.3751541764295583	0.0
0.16116941616930414	0.3535907654235332	0.0
0.02401216619017249	0.3527055729929267	0.0
0.17389265666137332	0.3071069164375101	0.0
0.1290720564742428	0.5135495704795855	0.0
0.4890592128064839	0.020420782210577415	0.0
0.11340867644700492	0.34137681407160436	0.0
0.19384922827355028	0.5201575934428948	0.0
0.20365986406108672	0.31599721729308217	0.0
0.145955083290281	0.32972289220774	0.0
0.07669024365491944	0.3162977859864522	0.0
0.1060575146875018	0.45081693626875197	0.0
0.19034423747385049	0.5338276495953673	0.0
0.06143693376145648	0.3999463876496056	0.0
0.14152752172556038	0.43205888377683077	0.0
0.04687875899670213	0.3235669988373504	0.0
0.050605720090186435	0.40962418715181614	0.0
0.22874699787998298	0.4525899602875858	0.0
0.04077974688701691	0.31084554019964183	0.0
0.10139439367358288	0.3630147733090088	0.0
0.2302500499665422	0.3455922189075674	0.0
0.15424518603252263	0.5218954222316201	0.0
0.09853343307312568	0.428733840695494	0.0
0.06514816866393924	0.445994947319554	0.0
0.015961719099088445	0.367651430369001	0.0
0.17731645525541523	0.48459800256979535	0.0
0.17880755652705121	0.3013008538442008	0.0
0.033569553419108666	0.36721311774247706	0.0
0.06821279881361308	0.2814088527395793	0.0
0.16614701416875755	0.3587637045610993	0.0
0.13769621003082494	0.43059934000770567	0.0
0.06065253888242916	0.3393807764723876	0.0
0.1538530074136107	0.516139781370189	0.0
0.15063632437888846	0.5247571612935961	0.0
0.1153115236237714	0.3981377540000054	0.0
0.1481803466895204	0.40916875271419684	0.0
0.2038459344439651	0.3789980203994904	0.0
0.048013384287216576	0.3361405772633459	0.0
0.10819746016379117	0.4861464289393554	0.0
0.08190123485831824	0.35786713165456346	0.0
0.07452955697911567	0.34231881710624745	0.0
0.14990156517832054	0.34009023728153154	0.0
0.1332966073394911	0.3941071105144428	0.0
0.18040495785028293	0.4585839783356708	0.0
0.07785618461830185	0.471478088839501	0.0
0.15950995232505205	0.3957505125121348	0.0
0.5013414626866879	0.009905098620716757	0.0
0.4943285959497713	0.011970595010167062	0.0
0.12866894487155006	0.2893493407541897	0.0
0.1194786370169087	0.4100518936269171	0.0
0.1798963477513828	0.3689243741754107	0.0
0.12897194316905658	0.47570597609827187	0.0
0.2224733116694781	0.42778475994947207	0.0
0.12999850905119542	0.4925538921639068	0.0
0.13000162222072348	0.49188999349909057	0.0
0.06508593694293008	0.35172219156945517	0.0
0.18406271856619916	0.38363450699254903	0.0
0.14787721736568243	0.5352567875699037	0.0
0.23280084594767184	0.4453066195282407	0.0
0.014019730784608497	0.36074567110637856	0.0
0.11665706337858461	0.44282378326424404	0.0
0.12008002170487314	0.4614287740121982	0.0
0.12285807596328846	0.4380080998027763	0.0
0.07761035157808865	0.2890860973314403	0.0
0.07707993878164815	0.40059772741257915	0.0
0.10671030669914194	0.3370494481834012	0.0
0.15330274619619622	0.4631738693555302	0.0
0.16372109698144882	0.4699169311666687	0.0
0.08697649473660196	0.47390473046392817	0.0
0.14607050819969342	0.3213893258235972	0.0
0.17433395705070548	0.30562644353405805	0.0
0.18106527105223186	0.4659958194322514	0.0
0.08486726175463544	0.4229253430436838	0.0
0.07440697626208848	0.3997685486649838	0.0
0.18371215117633016	0.2923188477108653	0.0
0.13405084529567596	0.37858933557241836	0.0
0.08057626977045301	0.32866158832228287	0.0
0.21489930684144187	0.36895656437754865	0.0
0.14585027012226087	0.487118024324022	0.0
0.08558343006142394	0.36189121681555386	0.0
0.09581888077179707	0.2985385735618002	0.0
0.15836818056450508	0.41877287003773067	0.0
0.11186086263942369	0.3411200309627467	0.0
0.14946637814096247	0.446534125342701	0.0
0.1489902949587344	0.5030279479034618	0.0
0.2019712847258477	0.2946344285921897	0.0
0.19378246948579486	0.43023433691481566	0.0
0.1380785753084447	0.35614249373626017	0.0
0.4835675882248245	0.020549995000027854	0.0
0.14942336882955182	0.43166224174013407	0.0
0.20946248937720013	0.469527255684405	0.0
0.1970102853861282	0.32595306736793556	0.0
0.5050950010298326	0.013337545018182961	0.0
0.0879937956145378	0.36424552722039294	0.0
0.0088198216322945	0.33060537807835144	0.0
0.09256094369107332	0.3155461221771372	0.0
0.18821763782411677	0.3451104899070744	0.0
0.1085731549567161	0.46366329105104587	0.0
0.16472009229033252	0.41418176261003126	0.0
0.02640646424204013	0.3904295472078969	0.0
0.04413479135067311	0.398124885804325	0.0
0.13875305502586643	0.37974486742550506	0.0
0.18667822779824245	0.45277134524367324	0.0
0.0	0.34978572312168976	0.0
0.1790798416446065	0.4702194292634751	0.0
0.061258122139430105	0.38151413465804085	0.0
0.1010432405510654	0.3614668475403367	0.0
0.06708370603788494	0.32877852534432084	0.0
0.11570231569556572	0.36089302746273233	0.0
0.4968378724990405	0.023597951974305476	0.0
0.16530795448906688	0.2948805587139797	0.0
0.505557438858753	0.02146025239644922	0.0
0.05378668190538316	0.3299327727814547	0.0
0.22359930786410714	0.3896228031702875	0.0
0.18324052715138522	0.46087958484860486	0.0
0.2235727276564896	0.3778092274504225	0.0
0.0672362938906016	0.43520847426434073	0.0
0.1697693425926154	0.4729253841855181	0.0
0.13982847518985814	0.5054621693301607	0.0
0.13888639783855988	0.47209621156993153	0.0
0.042038147503902557	0.3664004245169562	0.0
0.20645270775814112	0.4273853015997517	0.0
0.013484268876721162	0.35175217667402786	0.0
0.13971406974187495	0.4413378580291765	0.0
0.01910569876921414	0.3639767244226111	0.0
0.022966747089378625	0.34048862528206036	0.0
0.12832006096910425	0.3781198840929861	0.0
0.09157975795038303	0.36672522860537204	0.0
0.022127102929881848	0.340116610268297	0.0
0.19497646501149402	0.36055114567983393	0.0
0.14046196151481227	0.37167986033727446	0.0
0.19192316092653	0.376574484443823	0.0
0.11156354662323659	0.3652705380100187	0.0
0.23760958392318238	0.41761510668767027	0.0
0.14864584637826317	0.490937773784443	0.0
0.11483033745557242	0.4879504421177535	0.0
0.07333896118025268	0.47427322418893425	0.0
0.09576069390646957	0.3329175192228212	0.0
0.21172095975980804	0.3965621351198595	0.0
0.11622465639020696	0.32539626423492085	0.0
0.09310459963786583	0.3887593911447118	0.0
0.09923779450355741	0.47910097774597266	0.0
0.17614953017577595	0.2842902811244816	0.0
0.031407913068411564	0.38710516852307697	0.0
0.024580899195581984	0.3728119801871901	0.0
0.04514243367440285	0.3521124233446088	0.0
0.14625866649027103	0.5164861612887	0.0
0.08083962104081999	0.344500194303116	0.0
0.18297171400390727	0.29704517592767526	0.0
0.22212367592385035	0.3929247671779708	0.0
0.20154847953935134	0.5009996735453595	0.0
0.02376442673317275	0.3242288766420012	0.0
0.054461732380137295	0.3808625168988282	0.0
0.10474666749388062	0.3421105935536741	0.0
0.1747226953792571	0.31608948606176746	0.0
0.5046265579748045	0.02132054845616349	0.0
0.10739838680794145	0.33328116358969484	0.0
0.20045748726757917	0.36684114280322466	0.0
0.4892769019701427	0.00782190418530393	0.0
0.2352978272190388	0.3974846531304057	0.0
0.15775067062005627	0.4228242806080769	0.0
0.20198470441398336	0.4945269157340183	0.0
0.1887852559469551	0.2963860064635692	0.0
0.1729738325186876	0.296059838680548	0.0
0.04751091603956237	0.4179463045155488	0.0
0.07831096340434673	0.28488923554591805	0.0
0.04288725938787463	0.31247022376090394	0.0
0.07603086622636973	0.3836832648967825	0.0
0.22570842020603182	0.4356896076413918	0.0
0.08119911697336119	0.3736989177792115	0.0
0.0476504699830112	0.3656358779578133	0.0
0.10989128011857974	0.4115955581707633	0.0
0.9437651687611759	0.4927132436689482	0.25
0.8458444485235	0.4749530169481297	0.25
0.9863613241118848	0.4832496799467113	0.25
0.869917512724104	0.3430446391683071	0.25
0.7805279625188783	0.5283617926224469	0.25
0.7786512319482268	0.5381782414039011	0.25
0.9662414823757192	0.46366534580186897	0.25
0.8291602591852467	0.32310349853758935	0.25
0.8690423407246016	0.3782402108380954	0.25
0.8873865240289384	0.4005859394538325	0.25
0.7756528788800696	0.564707277080811	0.25
0.8963487385236868	0.5109948777720752	0.25
0.9582031842957259	0.4973687688874783	0.25
0.789867952650717	0.37934664985436023	0.25
0.9174949360574434	0.5679244884624465	0.25
0.884142914949585	0.5175342008644779	0.25
0.8549275984118584	0.48547780445989186	0.25
0.8888709281746954	0.4022096606466156	0.25
0.8996359140225312	0.4816514550924986	0.25
0.9182166319111558	0.568728109884232	0.25
0.8106087534315456	0.43239764110560175	0.25
0.7521291689200245	0.4045928979996293	0.25
0.9041565794123594	0.5695430510352891	0.25
0.8610645306233808	0.4548653644074584	0.25
0.8961638021737366	0.3624785048948381	0.25
0.9361111079676092	0.39311027468251847	0.25
0.7876898540361463	0.5475393701264085	0.25
0.8813245070942666	0.37521216845306177	0.25
0.9867518876642255	0.47415532736072113	0.25
0.9258218248087633	0.4817244683682025	0.25
0.7929467957578558	0.5079010826660918	0.25
0.9159241032080692	0.5697459964688525	0.25
0.9047618115686542	0.559063662979077	0.25
0.761203583585869	0.4551881139828842	0.25
0.9710360402596125	0.4552053262082367	0.25
0.8152523197118768	0.3640020237284586	0.25
0.8349208329715015	0.506796069500871	0.25
0.8991324348227838	0.4466004547573562	0.25
0.8729838671838246	0.3483569799493246	0.25
0.8778597552164631	0.5189710625309915	0.25
0.889048753702493	0.4035930763119321	0.25
0.8964591268245021	0.4120942133167537	0.25
0.9389093850706294	0.5036392048164673	0.25
0.9806740602911656	0.42444438033271903	0.25
0.895728522320119	0.5373821664067752	0.25
0.9708012703242377	0.45003975533602614	0.25
0.8569895984686944	0.35556445273642623	0.25
0.850016616162101	0.35832258593792154	0.25
0.8594027210451878	0.4067479923015489	0.25
0.8308260563884271	0.3385432775597299	0.25
0.9491016993903169	0.4200040475892952	0.25
0.9340996068736636	0.49848135830406737	0.25
0.7703081140120176	0.48517759378979775	0.25
0.8262255956603344	0.4888544577736841	0.25
0.8742504260416596	0.377542397623074	0.25
0.8176128024565674	0.46662985262524354	0.25
0.7839960365744325	0.5247064322365519	0.25
0.867914731535955	0.5460965220368225	0.25
0.9478507794352476	0.5360796596764021	0.25
0.9384787847235234	0.4771979422638631	0.25
0.9247987361211133	0.5665908827318135	0.25
0.898613874991349	0.41058282765549037	0.25
0.917882475817687	0.40395321425904435	0.25
0.9608929924710818	0.4393859748111619	0.25
1.0	0.4742965156008527	0.25
0.9865953543275606	0.526894833325647	0.25
0.9136733217936883	0.4642538971278074	0.25
0.791296108114791	0.45041967261965665	0.25
0.7615580327689386	0.49250729963018075	0.25
0.7392289578232869	0.4434698288422003	0.25
0.8278907617432505	0.5009699081977866	0.25
0.9620897764950551	0.41772861554695456	0.25
0.9151870023940114	0.5267287684538354	0.25
0.9444896287380369	0.5104547427909468	0.25
0.9445362215792481	0.41013933743816494	0.25
0.9144483792724438	0.4592513909279029	0.25
0.8963824973391155	0.36233892815096613	0.25
0.9292323613614031	0.5228319880934237	0.25
0.8325866541358076	0.4725726661989246	0.25
0.8274100060014498	0.36961697302845326	0.25
0.7630335286493117	0.41708142254260927	0.25
0.8379823865357938	0.5004796599460322	0.25
0.8000422027441552	0.5332893000740296	0.25
0.7987446065416086	0.49252905183301476	0.25
0.818114419356568	0.4974293987686537	0.25
0.8476422199157836	0.4614861274397885	0.25
0.945132808851548	0.44526173091322646	0.25
0.7586899123629312	0.5380642353160012	0.25
0.8350365922259404	0.388847675439875	0.25
0.8521111943439105	0.42343152781776733	0.25
0.7992285254543736	0.4909800828501726	0.25
0.9781662326373991	0.5022162109619407	0.25
0.930419757786386	0.5477446723254485	0.25
0.8880085057170894	0.4381816112964015	0.25
0.981395444557793	0.41098151802751093	0.25
0.9186736107832241	0.5543544157801256	0.25
0.9087807349951229	0.3536297121341123	0.25
0.9095991114682545	0.5652977651011397	0.25
0.8598064477010021	0.4167134957885305	0.25
0.8188733602123365	0.5039557956993289	0.25
0.787279552200786	0.5361586545575404	0.25
0.9376078925510287	0.5390565866889835	0.25
0.921961222203706	0.526647500643383	0.25
0.8277063680324157	0.45854142829944367	0.25
0.8836110162894928	0.5653173519864602	0.25
0.7553758216433457	0.49301634487218765	0.25
0.7844608897452838	0.38999297629787294	0.25
0.9173302850239666	0.4496827384362482	0.25
0.9187251466144257	0.48451092181993055	0.25
0.9417622339896582	0.482372181059622	0.25
0.8119884614643804	0.4741252113935602	0.25
0.8764331186152854	0.4120330615708527	0.25
0.8655293629874412	0.4302735764545458	0.25
0.9186661750968713	0.4643605402269298	0.25
0.7685362328754729	0.3776090114821603	0.25
0.8830106510068285	0.4394877235794052	0.25
0.8180722327165786	0.32826610010038626	0.25
0.9191413685947594	0.5413256438193931	0.25
0.9819753609145028	0.41780336428081954	0.25
0.9168524827408995	0.4936806630570606	0.25
0.8213979428668021	0.40649725160023936	0.25
0.9529553418238159	0.5360967663198847	0.25
0.9512650606534406	0.39946708498622097	0.25
0.8087514462293546	0.47693735091353584	0.25
0.8647216611720299	0.545375527832364	0.25
0.7688137873933512	0.49247555693497946	0.25
0.7856780501550473	0.5290223815839359	0.25
0.9477182214941222	0.5552686159846087	0.25
0.84524758796011	0.4347212924784915	0.25
0.9949662843693684	0.4671731895864324	0.25
0.959276533911217	0.4824889134167768	0.25
0.8245324183076499	0.35602679993022734	0.25
0.7838770541869005	0.516366198877141	0.25
0.8010649853935771	0.3827819178429632	0.25
0.7879775581944842	0.3737690724729025	0.25
0.9600574513254587	0.43536217949911094	0.25
0.9449111270380501	0.5102512595606544	0.25
0.7716490337894537	0.38956207822829947	0.25
0.8675794914152775	0.46456496164669236	0.25
0.8164539924217633	0.5039302111746989	0.25
0.833699608617795	0.3398395272102417	0.25
0.812410223634784	0.4008641358292804	0.25
0.8105802390037813	0.4104134267638535	0.25
0.852798347182812	0.43207967552233234	0.25
0.791423457729004	0.48222120658296863	0.25
0.8208198419605495	0.42095737972730896	0.25
0.7690018333067454	0.41053376322595253	0.25
0.8027528167106561	0.39877830697285754	0.25
0.7946389545058827	0.3472972784228513	0.25
0.8765778931250272	0.5234160616830712	0.25
0.9702293340388743	0.46627300147945716	0.25
0.7617587621380963	0.4571476211923694	0.25
0.7848480851580613	0.5466718688372194	0.25
0.8825487539667076	0.35590545454062744	0.25
0.9551298218429971	0.41010542703892244	0.25
0.8576146976618777	0.5234329420915934	0.25
0.9477953068895919	0.42319922274900046	0.25
0.9294535708531423	0.4097765501235532	0.25
0.7967584342365697	0.40336385429875354	0.25
0.8783011364134808	0.39773294554357574	0.25
0.9401804044439442	0.4090770008487641	0.25
0.7828630021521903	0.3972006589941809	0.25
0.9663984677545265	0.4318760431634029	0.25
0.9808584619548846	0.48415962719345346	0.25
0.8461712513667382	0.4106988115572394	0.25
0.8080037417068754	0.39978257730769007	0.25
0.8752354185476976	0.34919094826968367	0.25
0.8038665407137916	0.4278459162289117	0.25
0.9519310159553769	0.4005183694995281	0.25
0.8709827542376526	0.4399444451503735	0.25
0.8812739388807291	0.46566917582295553	0.25
0.778773232420616	0.40800965476218903	0.25
0.8444199916020226	0.4660633480512788	0.25
0.7516773745217471	0.3935052970892459	0.25
0.8044600902548908	0.3931903557467421	0.25
0.8868646818000248	0.5569258020999385	0.25
0.8414949203469366	0.4524566121802587	0.25
0.8227013693423507	0.4906827788101368	0.25
0.903987107455095	0.5305056684644702	0.25
0.8179840775071748	0.39448135184270455	0.25
0.8780606506797277	0.5270487692535594	0.25
0.8340196870025527	0.3736573826640094	0.25
0.8254167845049282	0.32198989850511694	0.25
0.7749114170791993	0.36661481139652885	0.25
0.8447305786951267	0.47869013392634685	0.25
0.7599050720696721	0.448226298680235	0.25
0.8125612856513562	0.5436647367031933	0.25
0.7911013047702073	0.39756956118029496	0.25
0.8025705174415305	0.3773973609167007	0.25
0.9119009866695249	0.4487191525307022	0.25
0.7783963921650887	0.38854103762344994	0.25
0.9089406157585127	0.353143442998301	0.25
0.784754251571399	0.3904151169544342	0.25
0.7535208850549484	0.4115781195695172	0.25
0.884967465881275	0.4278103853562909	0.25
0.7806123311571587	0.5479846580331481	0.25
0.8615429574128832	0.5430667417568068	0.25
0.9190987739381872	0.40418290301355403	0.25
0.8473071597841388	0.3879574606934853	0.25
0.9438133525405809	0.43127863648139386	0.25
0.8598295068904889	0.4556247601568433	0.25
0.8278783426875231	0.3464624548545008	0.25
0.7869227486828727	0.5413391469528481	0.25
0.9077664240892032	0.42064772575390386	0.25
0.894781402297147	0.5620813211113163	0.25
0.972890849922698	0.4612380466704452	0.25
0.7536931348658731	0.49239114521087485	0.25
0.9666189086250305	0.40319262271310574	0.25
0.8130574117660607	0.33849959995278767	0.25
0.9683553902009604	0.44453501575233134	0.25
0.9657429867053813	0.4568802941660871	0.25
0.9101497662751805	0.42061120752669034	0.25
0.8666698783264408	0.5390221047441812	0.25
0.9055518401654461	0.41949516648886165	0.25
0.7657020852732682	0.5336707855543025	0.25
0.8315289725623848	0.3781423967061225	0.25
0.8774929664271793	0.47558954629732064	0.25
0.819322694080433	0.36526908195824204	0.25
0.9582352200102231	0.5023078018935744	0.25
0.76213246618441	0.394587757340812	0.25
0.9105049436492898	0.40103119740614124	0.25
0.8076036956893697	0.47387861837356005	0.25
0.9870548935771001	0.47339877848481354	0.25
0.8979940060341679	0.5118818102683358	0.25
0.9541330616210422	0.48805426011165043	0.25
0.9166688077637519	0.3891653735860808	0.25
0.7940030294782192	0.5410350838760049	0.25
0.8756982613420348	0.4511043109017374	0.25
0.8666606883769183	0.4103210626206719	0.25
0.9788097172384876	0.4432455803934157	0.25
0.813453861602732	0.4818605621844246	0.25
0.7721840226507409	0.5372926574653574	0.25
0.7780772201580571	0.5546206531848327	0.25
0.9219161646122038	0.5382705454568792	0.25
0.844933313277396	0.4088277958497688	0.25
0.7866780046428632	0.40133839609795185	0.25
0.7631606779051907	0.4257323711782407	0.25
0.815902202406701	0.36475576430220913	0.25
0.8172009804563569	0.48810643244179	0.25
0.9721430274613803	0.45901384282034136	0.25
0.850152866097666	0.4951102963402456	0.25
0.8340805639008909	0.35650977132037676	0.25
0.8633047252917148	0.3833453703871043	0.25
0.8469316791024958	0.48582784161685355	0.25
0.8806199550646361	0.46289674317625185	0.25
0.7697864108370466	0.40285807505302507	0.25
0.8248453194169345	0.5125389976474426	0.25
0.7937140173278419	0.38806151000343053	0.25
0.8643283674310394	0.4245230447439419	0.25
0.8166467148320491	0.5069449197620721	0.25
0.9366030586231089	0.4418740618790324	0.25
0.7973986541242294	0.3672371625330977	0.25
0.770413738330145	0.3971025500594171	0.25
0.9075153850704032	0.4208996971471842	0.25
0.8461619383222269	0.5179419921761897	0.25
0.8458382014837719	0.49326405553959557	0.25
0.812141642044139	0.33705782174518356	0.25
0.9806530081087554	0.40944615457807176	0.25
0.7749816320139146	0.5463710405763138	0.25
0.8039489448400983	0.42237976504058034	0.25
0.9494930743409167	0.5120542613935118	0.25
0.9221669961865162	0.5359177049614173	0.25
0.8099369565308385	0.5315772942338663	0.25
0.9234808348249037	0.3844864261778187	0.25
0.7851364889720656	0.3547578448360429	0.25
0.8313818440079517	0.5445728997556348	0.25
0.7991599256415711	0.3751897461317609	0.25
0.7764137794713343	0.40173591490091043	0.25
0.849373654708246	0.5023275470218187	0.25
0.7685404142854215	0.5573178516568305	0.25
0.9380662204345543	0.4278384302942315	0.25
0.7694651847041487	0.4634292174300873	0.25
0.8071930118648267	0.47053067652455566	0.25
0.9855686120166406	0.5252987078240486	0.25
0.8029814525772554	0.5448597460941399	0.25
0.9397691208161589	0.48460082657661	0.25
0.7851072533241172	0.4047888004521575	0.25
0.7900587640667489	0.4177198849998709	0.25
0.9171543270171527	0.4707327183138069	0.25
0.9588536198761288	0.5344154786013486	0.25
0.9353053693341791	0.5293941586413105	0.25
0.8053327987203964	0.3760790010859011	0.25
0.8354259642842823	0.4033270604977518	0.25
0.9082566335513026	0.35275603631780683	0.25
0.960595102889964	0.4607664497652417	0.25
0.7514276863812013	0.4177204909683513	0.25
0.9499092258568874	0.4871119188567465	0.25
0.7681761910196152	0.39133960615859875	0.25
0.858717332724112	0.45035965647271464	0.25
0.8441532259642118	0.5212091802618037	0.25
0.9291871481101375	0.48455087272195546	0.25
0.8873811844950358	0.4294032149585313	0.25
0.8669749533885827	0.36034965367631405	0.25
0.8223469119037563	0.33367608429967816	0.25
0.8868431689125484	0.5054458507115219	0.25
0.7932176685585498	0.48417948900546065	0.25
0.7584124311932234	0.5450152892142862	0.25
0.8823740096672705	0.5124091387828753	0.25
0.8841733712762802	0.37429821952737896	0.25
0.9014869105379782	0.3965330400070459	0.25
0.8483932526437599	0.5054333349591436	0.25
0.8144136627926217	0.41288130633107567	0.25
0.837601643852687	0.43242312299799657	0.25
0.8767754688882736	0.5687936617134948	0.25
0.8332768122153956	0.48844629090657976	0.25
0.9654493983616179	0.4152897600425336	0.25
0.9567624221667712	0.5347458074084923	0.25
0.8250262341928143	0.4669621072500058	0.25
0.8321372183354196	0.3810532722046088	0.25
0.7532203061077238	0.4827138776010196	0.25
0.7868169871229129	0.5382750665682667	0.25
0.8440290801850875	0.48592059504238877	0.25
0.8162471587557093	0.5027343792505021	0.25
0.9309712280105404	0.4966585627331253	0.25
0.9186873058695644	0.4218924682098749	0.25
0.9188451619258695	0.39159942004438875	0.25
0.9401488402249651	0.5029606750433169	0.25
0.8328742033832933	0.3903271814084363	0.25
0.7739688442079675	0.5539794404786366	0.25
0.837718438697107	0.37961417440213074	0.25
0.7588218572604293	0.41127926689377536	0.25
0.9220927718527607	0.4111509383258525	0.25
0.7851415998169564	0.4141952488352971	0.25
0.9046459480009574	0.5440901696183617	0.25
0.8684085254275857	0.5130797667931568	0.25
0.8945261787648604	0.43424075871373213	0.25
0.860804242712812	0.35054110192952115	0.25
0.8674744536438685	0.46028672736358317	0.25
0.940571253905337	0.5467682585747496	0.25
0.9401272345094345	0.4337690330096548	0.25
0.8216389210405097	0.3906556045261683	0.25
0.837423934497417	0.36214054068502965	0.25
0.8672490480613881	0.42238465092560995	0.25
0.8667875642785032	0.40044633242568395	0.25
0.9847002469676764	0.5274981744308117	0.25
0.7601220549160268	0.4067229982601871	0.25
0.9237842876425569	0.42209916394964075	0.25
0.9878522592745725	0.46067970075930625	0.25
0.942097508263473	0.5313287462953459	0.25
0.7826790996061592	0.5396961658514547	0.25
0.8721677516906916	0.5094273159338217	0.25
0.87279643136104	0.37712689984397896	0.25
0.8141434152653659	0.4549056689797894	0.25
0.8267022170897195	0.430992429040874	0.25
0.893538097457669	0.5608697024799288	0.25
0.8958302262616334	0.5590294429453481	0.25
0.7803738008302645	0.3888006086556638	0.25
0.7662826815300585	0.47570111474515986	0.25
0.9057065853877868	0.4928607899551967	0.25
0.8769151666828721	0.4185602453641927	0.25
0.8554673638016751	0.5018923624466627	0.25
0.7862899375015093	0.3533468851417667	0.25
0.9102152838271169	0.5511677643798977	0.25
0.9422008698663858	0.44625159348891685	0.25
0.8106466241360526	0.5428167632329511	0.25
0.8433975846191826	0.49969393920650185	0.25
0.9199429369230832	0.48096705859063194	0.25
0.7659671909017949	0.46032208261287044	0.25
0.8372292431538559	0.5215577985200535	0.25
0.929197980159048	0.5184496052945821	0.25
0.8318853385920251	0.471770037322386	0.25
0.9988090044053918	0.4727170537599337	0.25
0.9459992244091633	0.5399314036940303	0.25
0.9271993190138803	0.5427483006076329	0.25
0.881654356935909	0.44600798887134496	0.25
0.914177245701073	0.5177741831145951	0.25
0.8549624041678663	0.377843195103003	0.25
0.9586879404976727	0.46249176816515647	0.25
0.7498736249798824	0.4302305596524478	0.25
0.9015422273453005	0.5534375413337238	0.25
0.7581812201335059	0.5077095131532814	0.25
0.7932861659324504	0.5202379497956089	0.25
0.9555173457692739	0.4150512634823024	0.25
0.7654791843898159	0.5473736156583856	0.25
0.7836607875454525	0.5118989909640345	0.25
0.8130213972396932	0.4576965867106408	0.25
0.8241989932048016	0.3488806162193918	0.25
0.9878408864935324	0.4399819043456689	0.25
0.8338738478029692	0.5038884709303418	0.25
0.9338443388436477	0.5156637103446565	0.25
0.7529285604116557	0.49267300011616766	0.25
0.8897645065815925	0.5466060478445905	0.25
0.9838968660732643	0.4355076159050558	0.25
0.9419194426862654	0.40928293097971014	0.25
0.9106674876571443	0.46949028236544643	0.25
0.9770574301226678	0.5253303130322616	0.25
0.9246597755044752	0.41045942838419236	0.25
0.7682792088431564	0.48924497072259754	0.25
0.7784510396388136	0.4948551432537116	0.25
0.9841822967251502	0.48920070285760897	0.25
0.8108935134122837	0.41362472445148035	0.25
0.7815235398655823	0.38378916861516665	0.25
0.7916877324822917	0.4498855861683928	0.25
0.9355683219999893	0.5293547916546177	0.25
0.7603121703031526	0.48857141354854017	0.25
0.9604787187419171	0.40996613812254756	0.25
0.7637141350394736	0.558582936531679	0.25
0.919911166990454	0.46279131046454625	0.25
0.7684456220176299	0.5394027280528156	0.25
0.8005154160688982	0.4072579663732189	0.25
0.9124026031526885	0.48680038375964513	0.25
0.7830547894802988	0.5080738212791033	0.25
0.9108645867341275	0.5566692760635376	0.25
0.8307301419707243	0.34342844730682776	0.25
0.908935932039137	0.3942961501122384	0.25
0.850246096169633	0.5284837281630723	0.25
0.739161119826111	0.4437658799577351	0.25
0.9010700931355387	0.48362521582456386	0.25
0.9028239711280182	0.5292928041590454	0.25
0.8327079786884266	0.4956005253071041	0.25
0.7629079600943253	0.4867055945437253	0.25
0.8273775765644584	0.43109621488707245	0.25
0.9254001394309077	0.4096538628492988	0.25
0.7624774601162683	0.404450713728147	0.25
0.8458984213915501	0.33959276401870553	0.25
0.7645140936926802	0.4696779165069055	0.25
0.8631431889193171	0.40587162856780135	0.25
0.8661873759359473	0.5203100648440291	0.25
0.7640652234229999	0.5248222258177782	0.25
0.8848780387772924	0.5224757304581759	0.25
0.9691710543091765	0.4547029020462277	0.25
0.8139394300715744	0.40768269514832756	0.25
0.7983623347666695	0.3818650027906259	0.25
0.7561907081814218	0.48074868923182534	0.25
0.9080656579162052	0.5329009567517922	0.25
0.8687110531176316	0.5553934576934457	0.25
0.8678123225144556	0.4761447023511766	0.25
0.9783250947336193	0.5010382087881431	0.25
0.9417913195841955	0.44578446829133866	0.25
0.903406079229574	0.5449615515998273	0.25
0.7637972027225111	0.5424383046295783	0.25
0.7817123210056427	0.5474674156567267	0.25
0.7711033240966443	0.3744269848047622	0.25
0.9290666839225583	0.4314700804835235	0.25
0.9954810263209916	0.46688262906652783	0.25
0.7497585982143541	0.4298730977734778	0.25
0.8005638906893606	0.5129003783655023	0.25
0.9427095124159292	0.5193646686863114	0.25
0.8618890211205323	0.505164305505257	0.25
0.8753712750494147	0.41832815363565684	0.25
0.9154806315308055	0.45096864974594464	0.25
0.7603395602277903	0.46597476647944397	0.25
0.7665754597495011	0.42636827942312017	0.25
0.868579104474225	0.41171351125896577	0.25
0.8215938925365716	0.3337651579667443	0.25
0.750936219484674	0.39087099438970374	0.25
0.9221519968121252	0.41540149017947137	0.25
0.9309738258528472	0.532316138568544	0.25
0.9150434925559607	0.5329345081629135	0.25
0.9231442654091184	0.3783377664442833	0.25
0.7853367574587395	0.41547523427827104	0.25
0.9139855784516582	0.45744318107988724	0.25
0.9196096487111978	0.46598198398795254	0.25
0.9770678837307145	0.5247267854723758	0.25
0.7885685272212217	0.4177448925626841	0.25
0.9652608716092452	0.4106386253719582	0.25
0.924150613419383	0.4592424718982381	0.25
0.7613389513357232	0.4957734996407302	0.25
0.8511760559219026	0.447049679952716	0.25
0.8238569885656767	0.5040539293117384	0.25
0.9320900655263957	0.40764671030892535	0.25
0.7589991576529037	0.40687760702037357	0.25
0.7816281835333055	0.4925609704633432	0.25
0.8836856912340549	0.510828445232534	0.25
0.8709498947697327	0.4513606922230132	0.25
0.7744922158900946	0.4562697680854672	0.25
0.8376545876059569	0.4057290151113582	0.25
0.7914971206122552	0.4208176785906418	0.25
0.8783062448133362	0.5137719396196925	0.25
0.8495159895697626	0.3776588731896119	0.25
0.7607503216043074	0.3844229904678842	0.25
0.9870863240418811	0.43986988110897096	0.25
0.8679781829836775	0.4708464266837315	0.25
0.8726153804008345	0.3479636219843518	0.25
0.9112062561190365	0.4858831768613061	0.25
0.8585939436560608	0.4260296324088625	0.25
0.8508167031875162	0.45380037756454045	0.25
0.7537800467954663	0.48326184627214114	0.25
0.836248596391324	0.3822941103677162	0.25
0.81782301144441	0.3606360400723279	0.25
0.8616887004146996	0.3607212134912218	0.25
0.9841520376755355	0.48622735296566894	0.25
0.9313158137835577	0.5412183092630706	0.25
0.8629037091845353	0.43522066173799057	0.25
0.8150165529003179	0.5455633804721081	0.25
0.8474536673255281	0.424515743013542	0.25
0.8283553514318726	0.3881148168096261	0.25
0.881810100807493	0.43447138485412	0.25
0.8486377416817812	0.39080770498236317	0.25
0.8850991645537029	0.5593035408110353	0.25
0.8688296637072286	0.4684473768856559	0.25
0.9563716350057794	0.4825067321377249	0.25
0.978674892900671	0.42953850853740155	0.25
0.9443583575247855	0.5410014970368177	0.25
0.7623974822438575	0.39934782329111573	0.25
0.8469935076220217	0.3519212988400699	0.25
0.7774622696842362	0.5216622807540269	0.25
0.7560880808458128	0.5414513780121151	0.25
0.9224470240053297	0.38077044208874994	0.25
0.8172847371244941	0.5377680017403147	0.25
0.41004588245831786	0.6457385939739699	0.5
0.43049249173507614	0.740243874428787	0.5
0.5707370295848281	0.7977237442130686	0.5
0.4075768803770518	0.6946309692887767	0.5
0.6245281693912911	0.7453887234863938	0.5
0.4545125920718192	0.6856281569771887	0.5
0.3870094358394595	0.667407934730592	0.5
0.6228846451091252	0.7199751753083774	0.5
0.3499540701889764	0.6639177578699667	0.5
0.553428463576603	0.7725555208698835	0.5
0.5340233792660446	0.7309645916768731	0.5
0.5074247769663665	0.7563443692389443	0.5
0.690272054386684	0.7922851369627585	0.5
0.555928034079922	0.7013521299915066	0.5
0.6232513833448088	0.7414906321571237	0.5
0.5227911876801747	0.7449527773361873	0.5
0.665760063641544	0.7650615387427563	0.5
0.49900493428002923	0.6540006603210323	0.5
0.49278517351492285	0.7466409996148013	0.5
0.4423334067671591	0.6592723453499493	0.5
0.3739951310819114	0.7621974851911535	0.5
0.3541305861849097	0.6566309599359822	0.5
0.5624406822274306	0.6506252389342777	0.5
0.6106330763967183	0.7498248035929123	0.5
0.33908882429448295	0.6521544635258698	0.5
0.34902880833825206	0.5821258936328385	0.5
0.41112982129284126	0.7135538456447048	0.5
0.506869450769869	0.7686183267863228	0.5
0.5998473898066524	0.7921370731532639	0.5
0.3673179744388393	0.5734423126205893	0.5
0.44192873032170404	0.7500677259155949	0.5
0.5207887035728558	0.8146813318503279	0.5
0.35579503765981296	0.7269136313553966	0.5
0.3994065302613725	0.7022520370063963	0.5
0.4610030503671819	0.6954335911299379	0.5
0.6650680667370112	0.769460362869839	0.5
0.4216551119228898	0.668125521107397	0.5
0.6237865691360358	0.7458214355504249	0.5
0.5238849413081255	0.761164928397866	0.5
0.3328190420876306	0.6993045039807492	0.5
0.6680576271618721	0.7620713955202796	0.5
0.4184648535827196	0.7431219951973342	0.5
0.6174133889898068	0.7561775243833139	0.5
0.4984092865426072	0.6746157790962161	0.5
0.5331943478798737	0.6742314183426525	0.5
0.5640338185707275	0.780055916249865	0.5
0.6688456500330926	0.788639093753176	0.5
0.6340753030190727	0.7944728368563694	0.5
0.4207452443530877	0.7260928577975118	0.5
0.32684554347916894	0.6656388395636024	0.5
0.3476087704755417	0.5925387561437535	0.5
0.46412177453881737	0.6619620577896608	0.5
0.36933351493133704	0.6872043158500607	0.5
0.6514343812310603	0.7545596988212038	0.5
0.4918846782471768	0.7629806512629095	0.5
0.40636073181382143	0.7157992264290234	0.5
0.6301830426231101	0.7368586585101222	0.5
0.3685535615975858	0.7331241644099025	0.5
0.559698382789453	0.664873313220051	0.5
0.4038769286431808	0.681493532022625	0.5
0.514437157678504	0.6987392798677503	0.5
0.6248030478405251	0.8077654746496266	0.5
0.46235929744260823	0.7306870742114757	0.5
0.562615621359047	0.6504550271912461	0.5
0.5610799688758008	0.7633754339453664	0.5
0.5900820251367376	0.7112852712072336	0.5
0.5192202257649241	0.6962537083014062	0.5
0.58332322330365	0.7214844645020894	0.5
0.6138470074182923	0.7634086679289765	0.5
0.5113277451334556	0.7293399802526945	0.5
0.3674839569684913	0.6840662838307172	0.5
0.328933785255775	0.6818071542079246	0.5
0.3648992201840153	0.6421340620065357	0.5
0.36247931514614484	0.6200902978932814	0.5
0.5516650196350421	0.6979137456330524	0.5
0.5927393147477864	0.6994536307904853	0.5
0.36071455440609307	0.6710729208775317	0.5
0.5529261711114356	0.7764274721150731	0.5
0.31642062095640905	0.6830074437636507	0.5
0.48717908532789805	0.7057095552762408	0.5
0.5286757666865247	0.7786088837583858	0.5
0.31366296681447314	0.6523638304706973	0.5
0.5044427925124848	0.6848826337776153	0.5
0.4947238224196269	0.7596284234762894	0.5
0.5546337587022147	0.775331284128696	0.5
0.5861412144129717	0.7299738433690497	0.5
0.5314735583819442	0.6693031414195941	0.5
0.6141772686539484	0.7535929495453446	0.5
0.3652031453674352	0.7444740803383647	0.5
0.40241057036342526	0.7340586723317191	0.5
0.3383368085584315	0.612466788754769	0.5
0.4199789807046617	0.7418212356716113	0.5
0.37227533975435195	0.7309724754144056	0.5
0.43157140057744314	0.6877752885317927	0.5
0.502842691104492	0.7478694954236882	0.5
0.5027923784180501	0.6667590051660862	0.5
0.34633347727576314	0.5686945147535789	0.5
0.6717609274994293	0.7956396110451738	0.5
0.3819201864218539	0.6726820940209675	0.5
0.46112915947363253	0.7564017410957743	0.5
0.5509687788765104	0.6577498840853212	0.5
0.3750293269109508	0.6419428502576953	0.5
0.3954834742910275	0.7314639929743431	0.5
0.47463904179046357	0.6856583740931256	0.5
0.4092756437328583	0.5882135626186463	0.5
0.44931083164943525	0.6858938141590327	0.5
0.6958706996390629	0.7875279493015224	0.5
0.5914165714760414	0.6864512535827572	0.5
0.5257021755569872	0.6801181765932638	0.5
0.3375444145084184	0.6361919796763125	0.5
0.3787675007746054	0.603117407727718	0.5
0.5636506355844735	0.7231012108710507	0.5
0.40763184297070654	0.7147010520794208	0.5
0.42661661603683293	0.7285298567891254	0.5
0.5498960742576329	0.7867700728656148	0.5
0.5884843771271522	0.7214559778732722	0.5
0.5234596483524196	0.8155793669029943	0.5
0.43389318781459796	0.7195928120938376	0.5
0.3545955812709316	0.6575643756537056	0.5
0.681509961444975	0.782888000733986	0.5
0.5759503121404764	0.7048648044360883	0.5
0.4808715062486213	0.7634755410349174	0.5
0.3139550056988383	0.6095845270207649	0.5
0.486623205929028	0.7255548154992421	0.5
0.6968158568578655	0.7833228341881091	0.5
0.5738973204005463	0.7790441350488281	0.5
0.5335414840498631	0.710943617045994	0.5
0.4020744795119843	0.7445956189473505	0.5
0.40901636169310673	0.691815417878449	0.5
0.5634392901529319	0.7645821132889866	0.5
0.42690498543057587	0.7198521546114102	0.5
0.36422857500664174	0.6041742904480459	0.5
0.3237124062716775	0.601996783620418	0.5
0.4832977803011914	0.6665775955097208	0.5
0.31424085212912395	0.673001094390161	0.5
0.34082014726176485	0.5793525163740727	0.5
0.3227110418618423	0.6183003532190054	0.5
0.5698551834960328	0.8500919598094958	0.5
0.6855030496622382	0.7842079826887305	0.5
0.6030802769450264	0.7901022886928419	0.5
0.4693681529808588	0.6800710909575732	0.5
0.4088159673936703	0.5909955428381979	0.5
0.3752439744837889	0.6549605091979924	0.5
0.46846446444442547	0.7505699902096296	0.5
0.5732647615725387	0.7592496123908286	0.5
0.6193323383717536	0.7779063466671503	0.5
0.5461095659185377	0.6664693194134795	0.5
0.6529700595834474	0.7463180010237199	0.5
0.3760173924466249	0.7126625319462088	0.5
0.45957086985332557	0.6796896196816002	0.5
0.3784068727405968	0.7378470077703405	0.5
0.6888181701208728	0.7958963338251019	0.5
0.43205423553769956	0.7186395243674313	0.5
0.5671926608119864	0.7099116715400694	0.5
0.5238183126150983	0.7529130463626152	0.5
0.3179574310444875	0.6479505178214588	0.5
0.5640082868098277	0.720697986128994	0.5
0.49277371069946785	0.7780753273444391	0.5
0.6040064599425404	0.7319773940403298	0.5
0.4464373478079635	0.6830526592763836	0.5
0.3755798080344349	0.7710727127388588	0.5
0.5655453576078064	0.8507822537530587	0.5
0.43387239899040964	0.6688040861076027	0.5
0.3988679169325656	0.6465947181586946	0.5
0.5057588098554046	0.7207562703994725	0.5
0.491001360890776	0.6686835271352254	0.5
0.4773193471461803	0.6657814690581036	0.5
0.4957225235868209	0.7845308025401821	0.5
0.3496089448568459	0.6122470535251427	0.5
0.5605104672505089	0.7275047338693131	0.5
0.3467759448204797	0.5678763468785598	0.5
0.3886711493041341	0.7041034561014198	0.5
0.3630651122023689	0.6396760850514515	0.5
0.6704384047009473	0.7999214548601767	0.5
0.3434417610611754	0.686596178498185	0.5
0.37646362196512845	0.6870716589026455	0.5
0.48070559589161266	0.7049466862028015	0.5
0.5632590945978513	0.6742023284941284	0.5
0.4313441362127585	0.7408811211856824	0.5
0.35160385401383965	0.7157702908887379	0.5
0.4983975469108849	0.7452673903640322	0.5
0.47123730782982276	0.6312598130805679	0.5
0.49521360932885417	0.7708915183953553	0.5
0.5034458190406066	0.6909079566824925	0.5
0.4355245568791909	0.6703857740340685	0.5
0.3846774424358242	0.5488717976740638	0.5
0.3615155954004156	0.6668909602085757	0.5
0.31939942644478736	0.6679353600514588	0.5
0.4997789739675809	0.7617484482032142	0.5
0.3763484291776005	0.7240555367762602	0.5
0.3438610415546576	0.6837219452864031	0.5
0.45885820250539744	0.6843701785286688	0.5
0.33424075803305275	0.6132171418841036	0.5
0.6878286404861609	0.783877788176303	0.5
0.5646426040322317	0.7994752449933925	0.5
0.6813481223886493	0.7874252831889926	0.5
0.33705310116644477	0.6345931226370026	0.5
0.3605425642091981	0.6711560043029021	0.5
0.5136853356940968	0.7281403893216685	0.5
0.3336462582393249	0.6134238425100614	0.5
0.3470070811995628	0.5905992854099102	0.5
0.5057257451525999	0.7284445575254693	0.5
0.49689189592914923	0.7389134038310194	0.5
0.5241312805763282	0.7110458755897713	0.5
0.6584728543295069	0.7838764651036787	0.5
0.43703759608480974	0.7390859300846115	0.5
0.5803271300095872	0.7801685436790914	0.5
0.3871295512577759	0.6838024071272484	0.5
0.37551054443689624	0.6619070839191612	0.5
0.40479713516926	0.6431402056506046	0.5
0.3353859758571688	0.6531261614867301	0.5
0.6227370341024947	0.719471850938813	0.5
0.32627237636132334	0.5733098593700603	0.5
0.6128348228711833	0.6995429613235973	0.5
0.32181620420205165	0.600914946363053	0.5
0.5971804090543971	0.7665604995011093	0.5
0.4900475957023212	0.7697641197607517	0.5
0.5603166713027654	0.7800148060132662	0.5
0.4785632263753539	0.7643378533464946	0.5
0.504757425688404	0.6595074455198128	0.5
0.32451479565723107	0.5719080207494581	0.5
0.662279887551434	0.7758630463335768	0.5
0.45670001297213003	0.6579488132609671	0.5
0.6701848653269489	0.7700536759842651	0.5
0.47109327581424376	0.6314460807824973	0.5
0.5528264409010956	0.7168087020296459	0.5
0.4801994523502419	0.824175562390486	0.5
0.6797486434816389	0.79717756118416	0.5
0.379870463434026	0.6224758267274635	0.5
0.5598940323477873	0.8586161207905993	0.5
0.540215394686561	0.6962567553904391	0.5
0.4249740552760977	0.7442496505802623	0.5
0.36443527295448597	0.6108644895030025	0.5
0.6065037029834472	0.7762000152527266	0.5
0.5858155897338386	0.7798234568657845	0.5
0.3213340759213375	0.663633695537748	0.5
0.47320171628933794	0.6855300785942676	0.5
0.5582233043214714	0.7030720600591942	0.5
0.3129273757574496	0.6141430993370578	0.5
0.3594298588089062	0.7334824694255804	0.5
0.5094933255476222	0.7538676634188568	0.5
0.4486710709308572	0.7270592696879122	0.5
0.37623324101395594	0.6902901017447415	0.5
0.5844923834674722	0.7384427350131498	0.5
0.6736517104774256	0.7824298770898364	0.5
0.520285051294375	0.7108154504703162	0.5
0.32482202529968573	0.6743571171696199	0.5
0.32567114591251556	0.6506646112219902	0.5
0.6136930292724686	0.6995546281183016	0.5
0.4841384245199424	0.7093559474991699	0.5
0.49828454763943686	0.6741283001031422	0.5
0.540030985216173	0.6115211866812124	0.5
0.47709420433101896	0.7040764646474124	0.5
0.5699604799740821	0.7563600549692697	0.5
0.5963946656241076	0.7924682204779048	0.5
0.38983631496937643	0.7052181074284235	0.5
0.4994331267414529	0.741349733835441	0.5
0.32465785551829446	0.6691920825242645	0.5
0.5107462571010155	0.7682236032155558	0.5
0.4248183439164604	0.7158159022258549	0.5
0.3685739269835703	0.6268972075927712	0.5
0.6694971055382748	0.7490846115940837	0.5
0.5587227624486208	0.7916649086377088	0.5
0.6062617501333853	0.702488464105967	0.5
0.478344795335884	0.6661065761202951	0.5
0.5347907477249684	0.6835335505778728	0.5
0.33666215702341307	0.5966884652557465	0.5
0.5310433852504	0.5801890957397866	0.5
0.3624769997234226	0.7376468401727277	0.5
0.4261844416568809	0.7107242731510389	0.5
0.3432684714674135	0.6131848170065607	0.5
0.46547155799319273	0.7473627979959071	0.5
0.6729312728958985	0.7590372749364843	0.5
0.2946215270257928	0.5911419920673533	0.5
0.5663225893373153	0.6960442072455132	0.5
0.4068101573567307	0.7326605122365624	0.5
0.446557895142057	0.7374854073127667	0.5
0.5449216225294383	0.6681555201249242	0.5
0.49513954356694384	0.7286688598729157	0.5
0.40471195019218775	0.6965254290587053	0.5
0.6632772549288379	0.7750383826930529	0.5
0.5204119701590683	0.7277717184378231	0.5
0.6248512168347279	0.7926676199982263	0.5
0.6861035014234697	0.7922666214142802	0.5
0.392757950583906	0.5387940215661824	0.5
0.687022962768804	0.8096120328605594	0.5
0.3236739419184813	0.594950157007259	0.5
0.3960203903238811	0.685798036392696	0.5
0.36876291727303695	0.6068679209753738	0.5
0.5036607049931128	0.7140028393241726	0.5
0.6209966469675068	0.7370136068094943	0.5
0.36706133629551213	0.6086655035687464	0.5
0.5562045677889434	0.7227594890027114	0.5
0.4216702401080735	0.6981608121299678	0.5
0.4872585460980225	0.7515176042240812	0.5
0.5382717502085923	0.5771478707232203	0.5
0.5578743630896326	0.7550801536409912	0.5
0.3794987483267704	0.6224983174481982	0.5
0.6193380458973464	0.7620101132875946	0.5
0.49932493738090294	0.6913399625912205	0.5
0.6178397200827271	0.8059080848838591	0.5
0.5351108744825707	0.7133533559354072	0.5
0.41019048122109886	0.6367719530169225	0.5
0.5690900321995143	0.7878302018139567	0.5
0.36425697240265364	0.7311626203969275	0.5
0.4013203399743097	0.6701216276006823	0.5
0.5754486446927001	0.7995589169599142	0.5
0.5871957570227062	0.6627747214849075	0.5
0.32090833732527324	0.6139188020625178	0.5
0.652248790802197	0.751339228961217	0.5
0.5607168126996495	0.6659701376033769	0.5
0.35662836507683304	0.6444752286755469	0.5
0.3731732676292586	0.6163954515307434	0.5
0.4010379000780673	0.6482837207284124	0.5
0.5085186373162648	0.7506377568129654	0.5
0.329161326630705	0.617065105318082	0.5
0.41030762118163483	0.6538274461877531	0.5
0.529703796726676	0.7627521041769403	0.5
0.34982679201092104	0.5892035078370075	0.5
0.4474059143552966	0.6843383692010939	0.5
0.56198072656108	0.7247828153726424	0.5
0.5941088505987822	0.765557935980689	0.5
0.4123192958245476	0.7222796718768516	0.5
0.5511650554597479	0.6552116518770762	0.5
0.6223179418997693	0.7863095652121506	0.5
0.559055409540058	0.7116581151117468	0.5
0.5218439006208693	0.7355329616361869	0.5
0.3571521269813296	0.5947835586510243	0.5
0.5751331451097873	0.7041974953174355	0.5
0.33636160247330915	0.6766965414746208	0.5
0.3479017779634669	0.6530899139895558	0.5
0.5440091876105031	0.7029094661951286	0.5
0.40857386590345307	0.6015791803485151	0.5
0.6297675872899156	0.8460711884338799	0.5
0.5991611503804717	0.7605438436209958	0.5
0.5153588045408017	0.7639761767818923	0.5
0.3777295682825066	0.6032779607276658	0.5
0.33264961580470787	0.6358277799650682	0.5
0.5192177927487529	0.6779343993503677	0.5
0.30943931266778946	0.5977962656371975	0.5
0.4342782229663627	0.6530781737639133	0.5
0.5124560680668687	0.7493631831939054	0.5
0.6309057040243334	0.736616762611435	0.5
0.3230354275369126	0.6383101394090904	0.5
0.32136828810780593	0.5729656879744364	0.5
0.4393412498840103	0.6280148634098631	0.5
0.682742286019107	0.7730381259930019	0.5
0.5842009152969636	0.6813191712177711	0.5
0.6046999638981658	0.7688715592760695	0.5
0.6943570735554848	0.796947723796626	0.5
0.5183191843070518	0.8129369246775915	0.5
0.5833105344654975	0.7735714108925587	0.5
0.44181906060540055	0.6591236589719836	0.5
0.6297426124709825	0.808436784569946	0.5
0.5629572200653616	0.800154488467995	0.5
0.43199556277760953	0.7080793448035598	0.5
0.3166156497197333	0.577334380951753	0.5
0.3218024054139835	0.6642054121973979	0.5
0.3994923121792004	0.722613157609886	0.5
0.49700506861389837	0.7281661704853755	0.5
0.5737970708318866	0.7671726612601025	0.5
0.38413923248083065	0.675376059029377	0.5
0.34496560905550044	0.6415435812469498	0.5
0.6890128591072667	0.7869998231247276	0.5
0.57450101660311	0.7492574052963159	0.5
0.5058350773267927	0.72172873818507	0.5
0.3895010072057383	0.6884148225783548	0.5
0.688520272893106	0.8054467838408668	0.5
0.38985244011819337	0.67493336352535	0.5
0.3715052746944855	0.6469276970250435	0.5
0.5140871928905967	0.7603825636876753	0.5
0.5472210250031011	0.7390922537451245	0.5
0.5547580835087276	0.6990871194819662	0.5
0.4446894200928667	0.7702608840545693	0.5
0.5270756186439978	0.5860755060300609	0.5
0.5224253671153759	0.746771034820874	0.5
0.5177628110099796	0.6971810970613836	0.5
0.37678420636987286	0.685458118049044	0.5
0.4220815875970806	0.6870594510809069	0.5
0.3396749986752772	0.6710269821697262	0.5
0.4416001983249982	0.7603106678972893	0.5
0.36395246185440605	0.6364722829749819	0.5
0.32043828865014345	0.653606572136516	0.5
0.4039314489652751	0.6088988908656517	0.5
0.3496743038573302	0.7272509939092084	0.5
0.38690267811544693	0.5450369659450754	0.5
0.3928335915611205	0.7547477928307407	0.5
0.4801319871899524	0.663477232014728	0.5
0.40200369413284553	0.7155902950333164	0.5
0.4370071725037982	0.7307927159478369	0.5
0.5415270976058374	0.6091478282021274	0.5
0.5701226070238018	0.6981926558377125	0.5
0.45287337813596024	0.7414485376212078	0.5
0.3629506764039363	0.6626883876715475	0.5
0.57561850783097	0.6713181138523717	0.5
0.3135776511319322	0.6113122723625835	0.5
0.6876306629477401	0.8080750505818617	0.5
0.3411542163508485	0.6522708722669252	0.5
0.5537407019562846	0.7857791748462981	0.5
0.5666295068308971	0.680271072539125	0.5
0.31503065203119307	0.6724032721741426	0.5
0.4639127413989919	0.7490278557777184	0.5
0.5772617131435712	0.7728242237273535	0.5
0.37888691839079264	0.6404060932571609	0.5
0.5106314592166024	0.6935948115820378	0.5
0.5617857260028964	0.6707384946085451	0.5
0.43001801424607106	0.6680754709734955	0.5
0.31294178762769753	0.6056969831963963	0.5
0.5000349848993867	0.7080171379610654	0.5
0.4206397584139872	0.7075736170936776	0.5
0.6734065926310374	0.7874189250724071	0.5
0.5216196502402791	0.8164672418974859	0.5
0.5669319361566479	0.6726834095340615	0.5
0.3048371882990291	0.5902933395129107	0.5
0.563831043216946	0.7802728732010514	0.5
0.38477825606221105	0.6972037649919248	0.5
0.46647381091592416	0.6846644517536642	0.5
0.37694461657290257	0.6404265405656768	0.5
0.422654600870798	0.6947495873630243	0.5
0.6273046392920967	0.7448807431994089	0.5
0.5591040669472179	0.7506189102538461	0.5
0.37512029630503524	0.7040033943150324	0.5
0.5849992629729206	0.7848071906191221	0.5
0.32953245047468327	0.6935089780515782	0.5
0.4617946569685993	0.7577370859757885	0.5
0.5911472421378214	0.7556014137369007	0.5
0.3362080080969131	0.5990600990767774	0.5
0.337955876243041	0.6079911278154976	0.5
0.32201570794267426	0.6160645195114376	0.5
0.5587783203978824	0.806489506844025	0.5
0.658592617391011	0.7525895010302963	0.5
0.6012736475446889	0.7658208059252298	0.5
0.35066679054682726	0.6561743119112325	0.5
0.33919450583029526	0.5795109349377038	0.5
0.6561473308924164	0.7517710393562633	0.5
0.4492553118173033	0.6940728507821259	0.5
0.46413534343109586	0.7294195875536843	0.5
0.608871286000413	0.7517251863194121	0.5
0.5209437103726878	0.763403930806966	0.5
0.3504279167739827	0.7114469867750832	0.5
0.39938120047461206	0.6713864730697925	0.5
0.413194547824746	0.7482529626168563	0.5
0.5224404522560183	0.578461596757614	0.5
0.6812018739784976	0.8047466590446084	0.5
0.5775665389880099	0.7946074676093757	0.5
0.44007782915824256	0.7309137697322947	0.5
0.5817332845130201	0.7489181569918575	0.5
0.3946985704382421	0.7172380620917695	0.5
0.548193594553783	0.7423909747519686	0.5
0.3850050110616683	0.5480957050160379	0.5
0.5160024075793495	0.6793399945715273	0.5
0.5413258726072405	0.6085184695716213	0.5
0.4186485497476253	0.6630071478342621	0.5
0.4188525098463104	0.669680700735868	0.5
0.5901426721104136	0.7152509622515988	0.5
0.4364231929804462	0.6558641033873591	0.5
0.43635938141791025	0.7442885213928624	0.5
0.35618671360690807	0.5871774712317309	0.5
0.6196731822772323	0.7586629447007236	0.5
0.5608107209831084	0.6883037256040512	0.5
0.4152229998219227	0.7347527783766853	0.5
0.32282974602658177	0.637208524634563	0.5
0.5647127786411186	0.7182724120468453	0.5
0.5176391229013255	0.6873701093635514	0.5
0.5230732485531332	0.814121167135496	0.5
0.4478684504132208	0.7393262533670278	0.5
0.5788056367596276	0.7202966463589727	0.5
0.3535544394186647	0.6804947635952053	0.5
0.33693561492326973	0.6029949580335653	0.5
0.32593740886095196	0.5712918883049882	0.5
0.5648910189583286	0.7643485605221556	0.5
0.5774759415806854	0.6650896567863853	0.5
0.5270529714628742	0.696532574868464	0.5
0.4972079219302601	0.6658136870717571	0.5
0.366642348802874	0.6555963423913083	0.5
0.5683223809627519	0.7524013884134019	0.5
0.6576210464437713	0.7602073736995101	0.5
0.6864906317299366	0.8059519089158973	0.5
0.5886241099102986	0.7101060227108806	0.5
0.6706412993437431	0.7484069957942306	0.5
0.5374832192414059	0.7754983533110464	0.5
0.5435543760699494	0.6930835731754053	0.5
0.43117752735635667	0.7670025207694512	0.5
0.3299292264549334	0.6926341917546256	0.5
0.33615253017452823	0.6350913268366241	0.5
0.6123309535207656	0.7327378282689417	0.5
0.5866762196663883	0.6831697416535448	0.5
0.574750745577374	0.6958245147612201	0.5
0.5321273473850323	0.700444246943371	0.5
0.35801064529375964	0.7286164660202508	0.5
0.5543870814347847	0.853231676997225	0.5
0.4032576722597312	0.6111523005987681	0.5
0.3157563093016383	0.6723055462676123	0.5
0.6751583657581114	0.780802633605767	0.5
0.35570684369501837	0.6786486411941052	0.5
0.41775604067726946	0.6667903333461178	0.5
0.4636600409629655	0.6932892846981842	0.5
0.5781216785150229	0.6628477276251902	0.5
0.6508275989575911	0.7658012216412167	0.5
0.46755331500158875	0.7216123203377093	0.5
0.5401990840149897	0.06437102207610801	0.75
0.4242875486958946	0.39159260378931754	0.75
0.4203059229153716	0.3100648591349804	0.75
0.43839133387530516	0.40367101572758135	0.75
0.5123564989119468	0.36097793457876814	0.75
0.5376365162162129	0.30167389698963704	0.75
0.47599694066068976	0.3501620095465068	0.75
0.481259960466931	0.33790908913167006	0.75
0.5487206714452679	0.06632692939467677	0.75
0.3687752124572927	0.6093179665359297	0.75
0.5079885571976402	0.3891544413283341	0.75
0.496450568923705	0.2995398573416087	0.75
0.4253283127869453	0.4189297538395537	0.75
0.42295655055736153	0.3803274534941419	0.75
0.4244305805927477	0.29675053519877725	0.75
0.47344444434978455	0.4998336423732754	0.75
0.4402343006121275	0.23954552058691475	0.75
0.5634615860270004	0.05512564278484455	0.75
0.5085283457342618	0.44447460353735224	0.75
0.4726040379340146	0.3109096410531914	0.75
0.5192146352462729	0.3813652500180198	0.75
0.44932406739100617	0.4790139168532195	0.75
0.5395790233483193	0.33406845421594855	0.75
0.4705255909714437	0.3196521570007768	0.75
0.40721156687158916	0.28662108735879266	0.75
0.43763529221860925	0.3411378932805851	0.75
0.5374099678412119	0.4228132482440734	0.75
0.4685336973791403	0.2650621156200427	0.75
0.5133786505947231	0.3766914605556855	0.75
0.5004497087691941	0.48775821871621083	0.75
0.5505693430153504	0.056618167970270084	0.75
0.4222450938492348	0.24362863535303203	0.75
0.5070763573466246	0.48126575795996973	0.75
0.5879219141654336	0.4978879197553216	0.75
0.5800585961209777	0.4466406477298534	0.75
0.47230862940158835	0.47858724022103777	0.75
0.4608853743748659	0.3545840452863447	0.75
0.556359236499113	0.3087344547880615	0.75
0.5667376427727535	0.5259261010832369	0.75
0.5569746888604291	0.33240321758678215	0.75
0.4417709591705419	0.35881781963582826	0.75
0.46908693235171733	0.4536915993079849	0.75
0.4217726601971599	0.32978184861988347	0.75
0.46241330724107443	0.45313649404324274	0.75
0.4943397634734641	0.4426512064687261	0.75
0.5682886877523873	0.04775748935295121	0.75
0.5539005477832384	0.048126236744443385	0.75
0.5871583851742668	0.5121879759081251	0.75
0.48782210693403877	0.4491921787203107	0.75
0.4491179065458917	0.46249768470910246	0.75
0.49505555972100096	0.4954354624568636	0.75
0.51186327592655	0.36283918387142944	0.75
0.5315486118657569	0.3928132061308922	0.75
0.4487981941535146	0.4220057409533866	0.75
0.45845715560001987	0.4664838644337466	0.75
0.45685732193109807	0.2901865861949604	0.75
0.43988144300066756	0.39717306410169523	0.75
0.48935832150645686	0.42666244159621913	0.75
0.4650358457699893	0.3447265701489088	0.75
0.5176599487679873	0.5071208258745241	0.75
0.5598779128776845	0.05713336615502773	0.75
0.46377124147344895	0.5035953031687237	0.75
0.5165237909260729	0.3124359376259547	0.75
0.4211965935459955	0.27832709372207654	0.75
0.555537192977518	0.30915850693808283	0.75
0.532416986267683	0.5065777703212497	0.75
0.5062031546978125	0.4222707336833279	0.75
0.5388228875984156	0.3674519226105878	0.75
0.5472505361692088	0.2965568737600549	0.75
0.4962093142996888	0.3420383784638956	0.75
0.523348621072215	0.4666438215230785	0.75
0.5411788830549615	0.2985478572376167	0.75
0.4807989365069768	0.23734974908203083	0.75
0.5777788246399662	0.4660192432228471	0.75
0.5445382765833205	0.40076988999424146	0.75
0.4240184080022077	0.2998243432305723	0.75
0.5625481984340681	0.5142033801293325	0.75
0.4729403359187919	0.23520426403346456	0.75
0.5034755546987877	0.3062539538506105	0.75
0.48593722843794723	0.4107813075615705	0.75
0.42609318272424684	0.3928581304234817	0.75
0.45419434308416257	0.2878779560690432	0.75
0.5454162991022675	0.2946854564696021	0.75
0.48592186917700225	0.41243438138996763	0.75
0.5401871922193242	0.3294175126693035	0.75
0.5976548206037712	0.4807126943147863	0.75
0.575156787724081	0.5572650639230561	0.75
0.48600760783810737	0.2322070395936408	0.75
0.56543919703213	0.4639089455883854	0.75
0.5057013247691197	0.4094203568975583	0.75
0.5566933220950592	0.34553216792472236	0.75
0.48849242413515054	0.4269558372921009	0.75
0.597619923090591	0.49063272362450605	0.75
0.43505400878504863	0.2962012934892989	0.75
0.5480058190486695	0.05186066625493413	0.75
0.47019310022748845	0.5032058523025005	0.75
0.5051031263263106	0.4493548561093913	0.75
0.48941792635733017	0.35771134790492454	0.75
0.4725852688286769	0.4713288568984122	0.75
0.4692622118726029	0.2917172437069999	0.75
0.48518137446467524	0.48387276609730917	0.75
0.5452633030806066	0.5591155905870643	0.75
0.48817637076149845	0.2395060093145342	0.75
0.48707804728761683	0.23126911254771731	0.75
0.41973172496516237	0.3683842834261728	0.75
0.5905228543895574	0.4745953338643595	0.75
0.49703112442570846	0.34226025261462123	0.75
0.47063363313697343	0.32279305129399344	0.75
0.4626405226213982	0.4770567468696369	0.75
0.4847508742265426	0.35209462976158545	0.75
0.5636885884732303	0.4835098715365288	0.75
0.4620832149912552	0.4550578310354418	0.75
0.4489895412852791	0.3011023492314765	0.75
0.5478368361006618	0.3062615583301387	0.75
0.5515789616108209	0.3196932729723441	0.75
0.5629370186585332	0.4052442457904111	0.75
0.41846693942031277	0.36642909086868614	0.75
0.5792648143483241	0.3977042203691179	0.75
0.4937651807088135	0.38658932220457315	0.75
0.5494908020679211	0.43602454086710807	0.75
0.4198996971034558	0.27127565971649925	0.75
0.4899967747232059	0.23991762408231176	0.75
0.5652245816328167	0.4415495538655563	0.75
0.5580494044301911	0.3580573006257019	0.75
0.45995426501665615	0.46829070870782297	0.75
0.4412856935384253	0.4091119777056451	0.75
0.47518878216094446	0.23763557219070158	0.75
0.4716121760823111	0.23825182197501	0.75
0.45639436126048205	0.40677871861024406	0.75
0.5231520220568332	0.41238792864037593	0.75
0.49882664441809765	0.32181339436230977	0.75
0.45975004737001457	0.3320491945708741	0.75
0.5535666649539934	0.3952166777026148	0.75
0.5962291692247924	0.47855485313031204	0.75
0.5489486578552293	0.5258362878501837	0.75
0.45711849070229904	0.2717156992458879	0.75
0.4184110576712325	0.26183848349088334	0.75
0.4494756157321411	0.2578783653739005	0.75
0.5563098268078085	0.04602327613195939	0.75
0.46074952882565584	0.35413019332688217	0.75
0.3039824433473083	0.578902987403441	0.75
0.4969151017956652	0.2798507919789769	0.75
0.541890668375638	0.4274328776206767	0.75
0.5653470344998649	0.34870374694571965	0.75
0.5297084354572099	0.4808349643301107	0.75
0.5513126951112352	0.06423268264539611	0.75
0.5548658803462995	0.050647196812007855	0.75
0.5410618922408421	0.5400582530492355	0.75
0.4885141178647053	0.2626585318298123	0.75
0.42200936894454155	0.36729260499284033	0.75
0.46797738270689265	0.4297841276228565	0.75
0.45008198466657173	0.3013628170856163	0.75
0.5881954009810422	0.5096559336713494	0.75
0.4825714822944759	0.49952456535581113	0.75
0.5689807785578611	0.35140726408068346	0.75
0.4354892945936123	0.22991674245052834	0.75
0.4638422744658079	0.5096783971886465	0.75
0.4809159105807717	0.29053955535793663	0.75
0.5907673211962686	0.4719553741774218	0.75
0.4880312332848931	0.36671676579930657	0.75
0.45078250379874396	0.2597336181081298	0.75
0.5042100503387308	0.41846792415132467	0.75
0.5292747781931995	0.29229123166467685	0.75
0.5567585305381157	0.06109754733820444	0.75
0.5509508507336383	0.5325206879822227	0.75
0.4772338321670775	0.2739700223306907	0.75
0.5720641223308367	0.4942163977259849	0.75
0.5019320697932156	0.3827259672960782	0.75
0.5684443889573138	0.5148387849363433	0.75
0.48088031456968394	0.4782849524154184	0.75
0.5072387917114058	0.4611263167648926	0.75
0.5605290003305042	0.06458918159424742	0.75
0.5263855877453782	0.34613794893715155	0.75
0.46126052792398614	0.41916837709814586	0.75
0.40149911008738426	0.28723862973660785	0.75
0.45970689802027176	0.3878247991602794	0.75
0.4672179835201753	0.5071085200867024	0.75
0.4530753132651016	0.27009445057506953	0.75
0.520215589083613	0.32559016442115685	0.75
0.555229708375965	0.5278670632106535	0.75
0.49527655300792944	0.3020874216565752	0.75
0.5588416907396261	0.335395050726664	0.75
0.6801463225184994	0.7562856962717639	0.75
0.5016014523523151	0.33611108887762164	0.75
0.4885229892215092	0.334832442804909	0.75
0.5538826554889231	0.0682347207250874	0.75
0.5401780970521054	0.32987134016940156	0.75
0.47320805016132056	0.3338422120398052	0.75
0.5626697274844381	0.5082465362780869	0.75
0.49689549152316426	0.35207467316239854	0.75
0.5141474916690432	0.3030159337649444	0.75
0.44859188061169736	0.4341237167339972	0.75
0.4204092110432332	0.3345180105430131	0.75
0.4588468386428309	0.49599999283433427	0.75
0.4413527956952848	0.2957581541776048	0.75
0.48927478620010684	0.5014016466517702	0.75
0.5622169666695418	0.41910984632682	0.75
0.4379513650815616	0.3274663639791606	0.75
0.5590680193117225	0.05355781121792286	0.75
0.5225268743794003	0.316356149478739	0.75
0.5382495878217761	0.45824285709849366	0.75
0.5612384057157424	0.050309943901076015	0.75
0.47754305378217216	0.36998275201674347	0.75
0.4861433496518407	0.2688314685902461	0.75
0.5194563363971221	0.4718994612488838	0.75
0.5277648096387966	0.2946244157556096	0.75
0.542612387559756	0.5755124041708506	0.75
0.48952845120944416	0.46439970369240074	0.75
0.5875260678580382	0.478790511150845	0.75
0.5790497611014089	0.45413395635844955	0.75
0.5461014792576133	0.053948377672577486	0.75
0.4665528772754768	0.24733693376268368	0.75
0.44699414154986317	0.27228753915403325	0.75
0.45908028921270444	0.2344067024246762	0.75
0.5675493377882026	0.056182567235696645	0.75
0.5268306456123414	0.3661011217426739	0.75
0.5507294360726539	0.04850794701757832	0.75
0.49698832294858153	0.29221278538235756	0.75
0.45101105958795984	0.319120855444714	0.75
0.46308326468522043	0.45421921347961147	0.75
0.5296088401623223	0.3939260449337577	0.75
0.4971773624023811	0.25993286757494616	0.75
0.5586558010611385	0.5009850532799373	0.75
0.4959489891728652	0.25797124572141367	0.75
0.5424975477110526	0.42421425388029177	0.75
0.4730261854760474	0.4305358880429655	0.75
0.5263475997218101	0.5037406698854979	0.75
0.47642938305301336	0.3375150067013667	0.75
0.557314510051593	0.3495443355582394	0.75
0.5483594091861035	0.4004779303694086	0.75
0.520149103792183	0.34952512253029233	0.75
0.5630474560719833	0.5087056570788073	0.75
0.5615240625969251	0.04403572836011105	0.75
0.44274918820806336	0.33671212838071174	0.75
0.4899227386857539	0.4496764654891131	0.75
0.47208129179304265	0.3945192676422048	0.75
0.4672514384141719	0.34825141112549124	0.75
0.5443271133137271	0.5750051491393964	0.75
0.48964388024031386	0.25308107771006244	0.75
0.5411709190004667	0.07194296821337737	0.75
0.5539763403327905	0.4296382381633061	0.75
0.4239891472241993	0.24925046878560408	0.75
0.5509698038217182	0.5180346901527239	0.75
0.5482570022208392	0.4444260949972355	0.75
0.46147385442070654	0.41376842574649253	0.75
0.4608313890758467	0.5217039235628952	0.75
0.47535055923313935	0.3433305885350779	0.75
0.467964550972701	0.37131193724801304	0.75
0.4259786774772804	0.3818097371630642	0.75
0.502831436015856	0.29642539344005703	0.75
0.526229176358502	0.3212292447396371	0.75
0.5344675395328462	0.5052096674786819	0.75
0.470375062785459	0.3367074133369117	0.75
0.5124985590110904	0.5068383047535414	0.75
0.5293432418279284	0.4927253754078618	0.75
0.48573277241600266	0.25755685632309544	0.75
0.5386218073667227	0.35368722403812936	0.75
0.4736891519112583	0.46791317269871957	0.75
0.4956510754930099	0.28462451903668295	0.75
0.5310096126911291	0.31706865389800176	0.75
0.5288797627198292	0.4987891919744258	0.75
0.478447687938902	0.5009697028908136	0.75
0.4782578492548806	0.28948830552326965	0.75
0.5531849948850149	0.04408376195909791	0.75
0.48127120256666656	0.4004138760608471	0.75
0.4265428708545072	0.2515188487520209	0.75
0.4299603142807139	0.2970394628269587	0.75
0.45301035337721435	0.29003404710667646	0.75
0.4258278705490344	0.3784425330549154	0.75
0.5143664545376383	0.3856619442213559	0.75
0.5321188040188416	0.3714800867819783	0.75
0.4826791464674194	0.5066852165382298	0.75
0.47440676191646236	0.32388357519990607	0.75
0.4688083305069063	0.5052925251389481	0.75
0.42268631556722547	0.28580622243608034	0.75
0.5469672495300409	0.5182005398509051	0.75
0.5610443546708881	0.5117940351415051	0.75
0.4677349981622265	0.22926946164915274	0.75
0.5425667162838239	0.4597630291307291	0.75
0.5511687034506088	0.40287753469994647	0.75
0.5639156134565215	0.46721004812494826	0.75
0.5434835277751927	0.049159703085197126	0.75
0.525649469681631	0.42897666915277954	0.75
0.4712349409433922	0.5212737787492832	0.75
0.5504581441119896	0.341678911857991	0.75
0.5877455192980804	0.47660528025379323	0.75
0.4869255178725003	0.3581408908859585	0.75
0.45630094216155703	0.3699695345637862	0.75
0.4430970192427928	0.2838326499514302	0.75
0.5609304053424025	0.0397137583753826	0.75
0.49937319644137385	0.46699122211305594	0.75
0.5785954425407941	0.45433980853167216	0.75
0.47544126320452584	0.4782940185180737	0.75
0.4720507659265567	0.2818566488945146	0.75
0.4330755454863951	0.27549287354660357	0.75
0.5966995827610254	0.48109945372536533	0.75
0.576172678669962	0.47023021443024776	0.75
0.4529649554579933	0.27979964287147757	0.75
0.5441767140815885	0.31349975411507647	0.75
0.4496258544473561	0.34126291328248526	0.75
0.43209707845384054	0.2858382755117114	0.75
0.5133142496708992	0.30864133451849474	0.75
0.5198145091731793	0.4171719683214313	0.75
0.4647085630938709	0.3404038333092618	0.75
0.5949396375112449	0.5030662973532923	0.75
0.5450857390569173	0.5370927980262216	0.75
0.4444413214955437	0.45997296877238003	0.75
0.48844053245188523	0.3936386316262309	0.75
0.5603114550062921	0.4373380444445354	0.75
0.5720714258057565	0.5256484123312055	0.75
0.45770436664600384	0.3471087972105476	0.75
0.39954281828975785	0.3030875157038202	0.75
0.5293974398981409	0.35831102409614646	0.75
0.4313122832454807	0.2759691473170009	0.75
0.4590016997435348	0.492421819239345	0.75
0.5540736255598617	0.05698646340292818	0.75
0.41477402981212785	0.26729638554173896	0.75
0.46112444529145236	0.5244916629257431	0.75
0.48040934075833813	0.3438715030862426	0.75
0.541376369640417	0.4261394552214481	0.75
0.5437574241645952	0.058760326030341536	0.75
0.5783550091398145	0.4921323272368327	0.75
0.49673540250983966	0.2637162272864097	0.75
0.4478008130574161	0.38001381688064234	0.75
0.49696729699514297	0.2550434493590868	0.75
0.48753134711689916	0.48536262911689654	0.75
0.4359721150636488	0.3253342844906631	0.75
0.4243949611278997	0.3417267503173471	0.75
0.4875550802895579	0.3721869864076014	0.75
0.4230576375592494	0.2765670611714458	0.75
0.5914576696906884	0.500117021603737	0.75
0.5438460329549332	0.4155446592433204	0.75
0.54103451871787	0.4108393491592365	0.75
0.47298606303410806	0.3304719793481866	0.75
0.4532438390397688	0.36086292841523204	0.75
0.5261868585028386	0.43166863087989804	0.75
0.4481016626975521	0.38974026948350504	0.75
0.5649260005010527	0.461664377179074	0.75
0.484504974206353	0.5030564273962691	0.75
0.5613310156981971	0.45028061013717235	0.75
0.5715359823344129	0.44572178236208737	0.75
0.4926370976201446	0.36874294384154815	0.75
0.5416302712372635	0.41996428980161854	0.75
0.5619910459831219	0.40777128804966595	0.75
0.5535886966182182	0.7553412345620802	0.75
0.43570829315010046	0.2931107841912167	0.75
0.5599254663504711	0.4716862853280898	0.75
0.43151763347275807	0.40517251588453795	0.75
0.43561295972576947	0.23774220645941624	0.75
0.4239355118433762	0.23509686875476432	0.75
0.4844344044545859	0.3681005503166126	0.75
0.42362832202459494	0.42367020433318725	0.75
0.5318998719926447	0.4439980849363667	0.75
0.5625405019593466	0.061922933257203494	0.75
0.42354820542868826	0.2576002395072851	0.75
0.5427126349716123	0.34065624943082995	0.75
0.49207842399864016	0.23895510646705664	0.75
0.42739746268041057	0.32978600085403864	0.75
0.4182961671329023	0.26525235976386347	0.75
0.5778071879965991	0.44937807247365	0.75
0.49241975301550966	0.440706543627778	0.75
0.4738250966433429	0.3309086029291498	0.75
0.47426095809865965	0.5156763166789131	0.75
0.5054509699668875	0.3177275639838482	0.75
0.40080142744102354	0.2862935692379876	0.75
0.5703075540800687	0.47074901447627876	0.75
0.43981469241442883	0.4023506429428561	0.75
0.4759276085684126	0.3567975148851298	0.75
0.47472112363904084	0.24695742096676582	0.75
0.5012195336088544	0.3060667844875322	0.75
0.5266018153220478	0.38637862677990525	0.75
0.5258206044027011	0.3451437278198871	0.75
0.5792723367019013	0.39839618601405496	0.75
0.5565265579386105	0.5419775419824957	0.75
0.43375384908821957	0.2878762225922225	0.75
0.5059958076872441	0.389814033530303	0.75
0.4849723964456197	0.2668986443551948	0.75
0.45066364691245464	0.31064513475377986	0.75
0.5284270875614737	0.44336125069610505	0.75
0.5090372165438141	0.4581255550903728	0.75
0.458481080805283	0.39543332208037596	0.75
0.5321242170682732	0.395882049911399	0.75
0.534258363629998	0.3636108887342807	0.75
0.4912262128028363	0.2503707455546942	0.75
0.5549796692981152	0.5469007612908133	0.75
0.529608255043237	0.3175712472066359	0.75
0.4296174189262789	0.25104504633726027	0.75
0.5731792948827729	0.44393596336840035	0.75
0.4590543965360483	0.2673505599935158	0.75
0.5223843086026243	0.5059109347037065	0.75
0.5519031612237096	0.4311509681423187	0.75
0.5418586141367848	0.38069996708319875	0.75
0.4502309782822882	0.47799364504157643	0.75
0.39091930263573105	0.5317497483111006	0.75
0.42780700093163104	0.4108643176361694	0.75
0.44689465660399763	0.38058661387802073	0.75
0.56355082122288	0.048914120451194976	0.75
0.44834756592929803	0.2632342431580867	0.75
0.5671585189190391	0.042788595772659754	0.75
0.558935148939901	0.4695398572027713	0.75
0.45967441468385684	0.3888270757552612	0.75
0.5442444619469728	0.37712213145750184	0.75
0.4780875971669136	0.3317807346670451	0.75
0.5188273044022679	0.37404123428010716	0.75
0.5603518537661032	0.047764591467712836	0.75
0.5219262050175321	0.4674600917248332	0.75
0.571942359103552	0.058282204507191016	0.75
0.5606203133155022	0.5270302165806382	0.75
0.4701951426675725	0.26966895533487395	0.75
0.4633817888521132	0.24093534593702642	0.75
0.5181705804359641	0.3250467320441106	0.75
0.4490745586088424	0.35697124750583953	0.75
0.4855795077202819	0.4509839429931597	0.75
0.46330221299753377	0.41270928287344844	0.75
0.38664784309143774	0.594182195645646	0.75
0.47093854176879324	0.3919163195961828	0.75
0.5598841290451863	0.3347663951249233	0.75
0.5219861300232537	0.36700517355554085	0.75
0.5316956119979093	0.30543830039162184	0.75
0.44207294875962155	0.3588859002554149	0.75
0.5384207654263701	0.3317899105699708	0.75
0.5094499308515529	0.44557673716535817	0.75
0.5240538781712919	0.31029994832766405	0.75
0.4422338575874178	0.23898874508637918	0.75
0.4910670741008129	0.4771431222310042	0.75
0.5332337857625491	0.5507478197871052	0.75
0.5162621616029428	0.4911542070982071	0.75
0.5055030556974659	0.49071501737983036	0.75
0.5328597941705724	0.5033015671701688	0.75
0.4349694100141044	0.37448960937314923	0.75
0.46575438288095833	0.5077713114054765	0.75
0.39980270812167895	0.3027427677456709	0.75
0.3903108987379173	0.537485819799612	0.75
0.46809204682865263	0.4513909700310381	0.75
0.45112854106663564	0.42105080451943533	0.75
0.451697650407969	0.31749657215390864	0.75
0.4586367359787956	0.25842490195203566	0.75
0.5036036361137893	0.48817981477050576	0.75
0.5029605910484424	0.4099384752533487	0.75
0.5498990237204583	0.3926622041034303	0.75
0.5582465278670428	0.5194898102091005	0.75
0.47380126999553923	0.48888980750538064	0.75
0.5501230329293418	0.32716236876286797	0.75
0.46839617909972936	0.24878666368140617	0.75
0.44919335579617664	0.34688590694646604	0.75
0.54537227246399	0.049992150268823754	0.75
0.5044977539563172	0.41831586056594083	0.75
0.4470277760038633	0.3895942368538454	0.75
0.48314096749578966	0.43782416273335184	0.75
0.5477077976042668	0.3926594614219954	0.75
0.5599256343878446	0.5304756631009936	0.75
0.6066626355369782	0.6957797551664489	0.75
0.4300248748491812	0.3304742368802123	0.75
0.5959949524891033	0.5049491499539784	0.75
0.4835373772207748	0.35285313069898017	0.75
0.5914338151769427	0.47499647488242974	0.75
0.48165940192433504	0.3575290773727653	0.75
0.5690451642795804	0.06154309121072571	0.75
0.4505715591726017	0.3679510573252385	0.75
0.5426964857727684	0.054902204060540416	0.75
0.4624657171215693	0.41546901137871506	0.75
0.4741437361671552	0.2829569418259186	0.75
0.5194538290472527	0.4181967762738653	0.75
0.5383168776160573	0.45701020727459757	0.75
0.47190406711065735	0.3050883336103478	0.75
0.45832629739540237	0.4064113713843649	0.75
0.41840309655081986	0.33160439198226677	0.75
0.4789904773520099	0.3709997783779563	0.75
0.390650978643165	0.5341001628031926	0.75
0.5244439983499614	0.5049683173459101	0.75
0.5928240074856267	0.48587625214311114	0.75
0.5204974045023849	0.49108494224585725	0.75
0.5377126065571995	0.5538907834690033	0.75
0.4870756567709759	0.27449916331862584	0.75
0.5256778905006894	0.3146880600724729	0.75
0.49204444106899536	0.501338211919331	0.75
0.44487251551023227	0.45981151225782474	0.75
0.49102246852598663	0.4624953985011884	0.75
0.3918568748510355	0.5261283960071752	0.75
0.5613064161080811	0.41337448277829925	0.75
0.4413191864601418	0.2638922304698257	0.75
0.4177360633003778	0.275367709722812	0.75
0.32047754082765284	0.571323241698302	0.75
0.5502589854503651	0.0435503000288352	0.75
0.5567777992746534	0.5402680672835657	0.75
0.4770127372310993	0.25091359472096925	0.75
0.5065173455958983	0.46405852466385483	0.75
0.49296555963756605	0.3853041057650893	0.75
0.5762521371755129	0.504820918376999	0.75
0.46512845164370387	0.3955182228370637	0.75
0.4983357010493944	0.3088377259851204	0.75
0.4481697813682173	0.2593339586590891	0.75
0.30152924085710586	0.580824243013249	0.75
0.42286374487233647	0.2439368129759637	0.75
0.4165355745700456	0.2740240776345165	0.75
0.42427078895630105	0.34667888665362817	0.75
0.5385132380801639	0.49674336428227533	0.75
0.5478169042266168	0.06196147756799458	0.75
0.5604669368150068	0.48569608915430906	0.75
0.40450263400504666	0.27649304301544103	0.75
0.28070197551045206	0.853260496972008	1.0
0.4532563344745378	0.9201361192284043	1.0
0.4176277132467685	0.904796001986933	1.0
0.3340235962758174	0.9711790366429258	1.0
0.5483776165447565	0.9267406287765305	1.0
0.3461379201956635	0.865759231184869	1.0
0.4747629767379203	0.8451269265696211	1.0
0.3202087110303795	0.7861438592536873	1.0
0.4229460658520261	0.8251488166297659	1.0
0.34027599399510644	0.9411869553127609	1.0
0.3113179840765092	0.920772007230142	1.0
0.5963451922233519	0.8554489785312982	1.0
0.3582672416258441	0.847543941456657	1.0
0.2886714240851693	0.8442350442247069	1.0
0.6420911449856215	0.824785375320471	1.0
0.3702313307910767	0.8439080366308143	1.0
0.520429620339265	0.9072271497518246	1.0
0.5169775173655544	0.8348466278702238	1.0
0.5354472565054996	0.9297976257783036	1.0
0.5199763839854712	0.9152272139248783	1.0
0.42522904030187453	0.8634982023216572	1.0
0.3179921761382526	0.8703071837270354	1.0
0.3825321808174599	0.8128712865354434	1.0
0.6819008221655426	0.849176865156573	1.0
0.41502270909392464	0.9788905617630528	1.0
0.445766833630267	0.7977897115924305	1.0
0.2855965560136061	0.8466376717948787	1.0
0.4637991904234985	0.9539328288735736	1.0
0.6612334016040385	0.8305160770866593	1.0
0.3197589765099055	0.8137292524894295	1.0
0.35735993825781726	0.9904068299008533	1.0
0.6160975974601548	0.8007782025205059	1.0
0.40348614219218354	0.934949608107787	1.0
0.47780567802863666	0.9434505286851497	1.0
0.49624324252590724	0.9495658444026696	1.0
0.29972605512345213	0.8080514597959431	1.0
0.5775700817487222	0.8613800163313943	1.0
0.30067199731430766	0.7839323015259103	1.0
0.446248504534044	0.8860247206577279	1.0
0.5150112683670007	0.9256670558558366	1.0
0.6319184603385233	0.8122367135738005	1.0
0.6562369625458554	0.840202983783906	1.0
0.33807324505105507	0.8974770574326789	1.0
0.6461499915961461	0.7725605899162804	1.0
0.5011242497313473	0.8306043588969831	1.0
0.31724414184535116	0.8088992967388275	1.0
0.49503420699376227	0.847334950883806	1.0
0.5206605547347296	0.8640952153908259	1.0
0.35854027084037315	0.9955287429721893	1.0
0.5170554476946418	0.8830272803711408	1.0
0.34390402194346653	0.9671698403228113	1.0
0.3270133262654499	0.9586112664301557	1.0
0.523518454425832	0.9091439835091742	1.0
0.37564193026346865	0.8176525347622073	1.0
0.4405108236658223	0.82358255478778	1.0
0.6467096947602384	0.7723324970294978	1.0
0.3141193235338205	0.7726945749571801	1.0
0.4168803205962073	0.7662540285233673	1.0
0.4556651428109825	0.9034979704991097	1.0
0.3107342635072724	0.9499641013742862	1.0
0.3813763862469466	0.992449790836138	1.0
0.45600891127611665	0.8745307883809581	1.0
0.5012333717908514	0.8505887729508508	1.0
0.3992504954363278	0.9682866945098649	1.0
0.3838671499703365	0.8683158848186694	1.0
0.3513119502827265	0.8109863308665697	1.0
0.6337084841127357	0.8513301787381344	1.0
0.49122632246529174	0.8440279424458188	1.0
0.42402897047228727	0.8599881464125009	1.0
0.4947310505586143	0.8699091905639781	1.0
0.350953487629076	0.8662700810174733	1.0
0.5370160351842336	0.7915689674274693	1.0
0.5373294652173477	0.8870657249709082	1.0
0.5030329210574289	0.8737308469605745	1.0
0.3805151492468458	0.7910089490516083	1.0
0.43195604243169505	0.8512371733559765	1.0
0.30044441527199467	0.8687782439228071	1.0
0.49095470265334	0.881398827377418	1.0
0.4601658997120598	0.8904315874435549	1.0
0.41425756986138523	0.9038545162616967	1.0
0.5221427298956314	0.9434798471458468	1.0
0.3191264943168703	0.8552422228055037	1.0
0.31853820284937445	0.7654828542493736	1.0
0.3156495356097438	0.8580224457232593	1.0
0.6353053511408221	0.8527654877633695	1.0
0.49070446907495624	0.8694299585155647	1.0
0.45620730293385076	0.885014115082484	1.0
0.6466144114616246	0.8624555652555741	1.0
0.33407669859620925	0.848332669415504	1.0
0.6172355468207207	0.8538387936955795	1.0
0.4591496527480884	0.8663729367817921	1.0
0.46269970048591974	0.7966106300498119	1.0
0.3626411884613844	0.9229734096670106	1.0
0.39898462237990584	0.96973404787517	1.0
0.4424545409551543	0.7940980687239299	1.0
0.6639434288936542	0.8362240351964568	1.0
0.6401796687506521	0.8530006194796277	1.0
0.5099443830551995	0.8735322652564215	1.0
0.4580834076039796	0.8464393070886655	1.0
0.3469359268613818	0.8348215762332881	1.0
0.4790003155113192	0.8592660406490389	1.0
0.33731959972528847	0.9202531210588023	1.0
0.5883830536769883	0.8861386174519585	1.0
0.3090510316628597	0.5987535955638772	1.0
0.4766103873798026	0.8970548870640347	1.0
0.6678443473286937	0.8453573823415071	1.0
0.5202660170815998	0.9230998486710111	1.0
0.47947714643209743	0.9379234438159818	1.0
0.3490683850724916	0.9184068123030718	1.0
0.336009691831909	0.8952157861651635	1.0
0.5452922548291355	0.973417941960227	1.0
0.4590666780325531	0.8347774231738205	1.0
0.3169339495138269	0.8665640602450878	1.0
0.5138863006511688	0.9262824434973411	1.0
0.33494777062102826	0.8608197941989763	1.0
0.39330871656187916	0.9681550841821789	1.0
0.3761753076325452	0.7744998911194526	1.0
0.6592175924919599	0.8579474811493026	1.0
0.3881353716944494	0.829956249605965	1.0
0.5206671319979316	0.8644680036320828	1.0
0.37748750870938685	0.9660149263787569	1.0
0.543896023829394	0.9532377821294	1.0
0.5856948902843695	0.8158664169660272	1.0
0.35386072019044706	0.9543562537974688	1.0
0.39678514419575356	0.8127589645924091	1.0
0.4481128088366426	0.8734277607687382	1.0
0.5089100284444753	0.9831986351118261	1.0
0.28137379483560415	0.6245406447226033	1.0
0.5458280042170681	0.9686742977535494	1.0
0.5307868575841083	0.9829771825040841	1.0
0.37152135655423596	0.838031143714784	1.0
0.6468145978671562	0.8625160887864711	1.0
0.5518164759933021	0.8609900134606621	1.0
0.33838151964366037	0.8642296804000815	1.0
0.40555131721728366	0.877079741648165	1.0
0.4731414537383194	0.9203503378810783	1.0
0.6267741817511086	0.8750543972393803	1.0
0.41243023785224964	0.8449802547721785	1.0
0.38571115443764736	0.8272424847603017	1.0
0.4813414639942311	0.8727322215871495	1.0
0.4973891422893093	0.8475690297788483	1.0
0.40616830067193976	0.7969124871765498	1.0
0.45411530090735724	0.8945429155858104	1.0
0.6297859076651791	0.7533987232113926	1.0
0.35470594763822894	0.860999465793163	1.0
0.2962826199610858	0.8532035342532003	1.0
0.35515035945818796	0.9393601468770825	1.0
0.2963785605828702	0.8391034367596124	1.0
0.46027133440014617	0.9126495139778111	1.0
0.6520168201848306	0.872198419942261	1.0
0.29377941513448513	0.8550051381816208	1.0
0.2839954417414397	0.8454122938708725	1.0
0.5969165693793794	0.8181779651822736	1.0
0.44316483601554757	0.9425740152878963	1.0
0.46169777659687145	0.8475714939964991	1.0
0.6673804799616239	0.8413989490552709	1.0
0.6454968117372626	0.8407903332905611	1.0
0.37608114594058634	0.9190879064991435	1.0
0.5144691165230666	0.9629076417594794	1.0
0.4638325505572808	0.8524586727354904	1.0
0.5085813437229938	0.983410576190362	1.0
0.5274179575649169	0.854336556147053	1.0
0.43876080544013274	0.8818544355566975	1.0
0.4950772821609778	0.9355773854091305	1.0
0.5165849587561313	0.9138562748409828	1.0
0.37656980191823985	0.9748795523913523	1.0
0.31918292692098127	0.8146926703130117	1.0
0.35356649521325767	0.961939452184468	1.0
0.3618718572978713	0.9233541021742251	1.0
0.41547383344398714	0.979012358298847	1.0
0.3967233145168992	0.8537139154429232	1.0
0.6396874221742471	0.8083675863613038	1.0
0.4271183366036191	0.9102757799361356	1.0
0.5025088159000022	0.9018994749780492	1.0
0.650059339391227	0.8475822174754568	1.0
0.3829492369446743	0.9944167379677389	1.0
0.4241923411261648	0.8321632284648233	1.0
0.5298538934175814	0.9828624891075485	1.0
0.3526276138640015	0.9243073936941097	1.0
0.5475632697207424	0.8031329314431764	1.0
0.5019604921107315	0.857151365553944	1.0
0.4010258285050916	0.7813743846330585	1.0
0.3542554229705833	0.9821114982793824	1.0
0.6006377951577333	0.8705453170340168	1.0
0.34349294478010545	0.8227730264304511	1.0
0.5322648584288286	0.9647718196306775	1.0
0.3864295539440611	0.8915111175198454	1.0
0.5143984224313309	0.8753479086904598	1.0
0.506351109676591	0.9069852528541769	1.0
0.33886126104755887	0.8545740369140922	1.0
0.5692609653064632	0.9343753135809223	1.0
0.4772080219948365	0.9447749116991796	1.0
0.28503522922390667	0.8537162627576853	1.0
0.357447462046624	0.9693555051539577	1.0
0.46037761306212377	0.7959792832671881	1.0
0.35337899631198655	0.9510153288024785	1.0
0.3444459552319672	0.9099264124506573	1.0
0.4230275633722104	0.829447218511425	1.0
0.5462179438990401	0.9696241709078757	1.0
0.37740151700607566	0.8507568693337022	1.0
0.4318468332807734	0.7693784471314151	1.0
0.3898370715292999	0.7920167992140938	1.0
0.3010849404311545	0.7962842118189746	1.0
0.49028560425854584	0.9265756988380132	1.0
0.5284991345521004	0.9428235399729259	1.0
0.5427843521701616	0.9382385702066154	1.0
0.36781517706377553	0.941786472000548	1.0
0.6650080660374154	0.8376058812026332	1.0
0.6340846668284651	0.8805708179517617	1.0
0.3924889616203596	0.8917537629600131	1.0
0.2985941923782883	0.7989585801919603	1.0
0.5087627525814945	0.8826983332051701	1.0
0.4761478300283544	0.89655883504887	1.0
0.3753284074041626	0.9868200867129112	1.0
0.4236627891947825	0.9044042650551258	1.0
0.47299768693464733	0.9023302079892168	1.0
0.3181412053663384	0.7849319461341036	1.0
0.5019244826154834	0.9048692596881309	1.0
0.33398612008159945	0.921595577164326	1.0
0.634937361282913	0.8781049763284485	1.0
0.41248120937152477	0.8406522000378924	1.0
0.3358528084534353	0.7791978045630636	1.0
0.5970315241695165	0.8635419229658521	1.0
0.4905435633490704	0.9214530832832792	1.0
0.4481544698917219	0.8883824939661332	1.0
0.28353263295625974	0.8602961237007583	1.0
0.5782080900795162	0.8190930826020778	1.0
0.3762935028603762	0.9191119090854766	1.0
0.3616654435424491	0.9731805430363736	1.0
0.5395447814402857	0.9717403189466736	1.0
0.3121763427889058	0.8469643889227797	1.0
0.31126223493762983	0.8076961369777613	1.0
0.5388441250939656	0.8742991563205136	1.0
0.30923717618611835	0.8744671675467367	1.0
0.5226315043770767	0.9704715671873878	1.0
0.3571355385285128	0.8386733665592571	1.0
0.6160288779717569	0.8202032946131403	1.0
0.31468900388146703	0.9537620557499547	1.0
0.32232705972787856	0.8310202616792284	1.0
0.4963526616031448	0.9507019264131376	1.0
0.32661176821823446	0.7800204773520342	1.0
0.5205140006857558	0.9399094134282959	1.0
0.6811753151763731	0.8486668888859287	1.0
0.5161478015254395	0.8401149568333526	1.0
0.30392982756436093	0.8358382665836417	1.0
0.461590259906246	0.8995828628858404	1.0
0.3551507391701927	0.8969027885066214	1.0
0.304819339701998	0.7688456851567191	1.0
0.366187150787408	0.8761487718022163	1.0
0.541435498632799	0.9784351829656863	1.0
0.34784150979568024	0.9511232537156717	1.0
0.4002147474649573	0.9828394829446205	1.0
0.5569994546088458	0.9702532800666004	1.0
0.3995856894674048	0.8234458932181927	1.0
0.35586829662245023	0.8184063423849612	1.0
0.3827029619445314	0.994038460093994	1.0
0.4379960967350679	0.8625767768734105	1.0
0.3465377460054404	0.8700581412242347	1.0
0.5870093598323461	0.8541566382769619	1.0
0.3874973237749815	0.7991458173526145	1.0
0.46961789475679266	0.8735266138574027	1.0
0.37896486171932187	0.9655837834690928	1.0
0.5351375317756695	0.8825100735274021	1.0
0.391151454042214	0.9403739344470876	1.0
0.3299748334124961	0.9652277492249905	1.0
0.48000496999806314	0.8282709351692883	1.0
0.3847341244995792	0.7911849427705575	1.0
0.3429263095261779	0.9766663014682866	1.0
0.617650977175029	0.8160576990561841	1.0
0.4016291790131383	0.9348563705427568	1.0
0.34179550148451915	0.9218769517029117	1.0
0.28130950114142644	0.6243617942340103	1.0
0.5756889951720415	0.9330207263605186	1.0
0.5154166018644604	0.8953211384400355	1.0
0.5900879656661673	0.8618069835354523	1.0
0.37206605257787917	0.8526454373907142	1.0
0.40749150465948064	0.8601162810799463	1.0
0.396677588041894	0.8748272069359333	1.0
0.3619181077232617	0.9652160489196939	1.0
0.3755989350068145	0.8628385755213199	1.0
0.6257928191773562	0.8556400612615719	1.0
0.6262044796279057	0.8747537162069057	1.0
0.35620049015559097	0.9168487035990329	1.0
0.3963285491605264	0.8694478839732731	1.0
0.5143216898832765	0.8968357151221719	1.0
0.3668779063972951	0.7651907088533303	1.0
0.4427538295442479	0.831886445716362	1.0
0.46916340631388054	0.8569388889243654	1.0
0.39748314552166714	0.7857595007674083	1.0
0.35049257421442226	0.8095963263205055	1.0
0.5569652812067146	0.925951999067057	1.0
0.51892157692391	0.8402509763194962	1.0
0.36700651601349527	0.8739017963077514	1.0
0.6039056720793179	0.8771452083299873	1.0
0.5393104380244053	0.920576106974414	1.0
0.47901015865475777	0.9173599735719125	1.0
0.35343257296747843	0.864472049629758	1.0
0.5936790824201297	0.8853847566753814	1.0
0.34589428816314977	0.8790684367790804	1.0
0.3351837234150395	0.7789419627542185	1.0
0.338772235195399	0.8464405666275365	1.0
0.36137837686264823	0.9739470597643238	1.0
0.3804409148562256	0.8103986842776771	1.0
0.44718180095311866	0.8589715687242043	1.0
0.5387233077568693	0.9088360966216004	1.0
0.3225855052071307	0.829812043960912	1.0
0.3633901934259277	0.8548540593544225	1.0
0.3264009539946096	0.9610316047632756	1.0
0.4696782482186022	0.9407721810670724	1.0
0.2919510139874801	0.8346233187555236	1.0
0.5151285357934743	0.8439996238550919	1.0
0.362694950926751	0.949146397196555	1.0
0.38119729348966236	0.8421679397094732	1.0
0.3493581442675908	0.85816241472699	1.0
0.3995207632338096	0.8405951108075187	1.0
0.4266285934529074	0.8806146724193604	1.0
0.3293571882129307	0.8275559565455981	1.0
0.44610668433682144	0.920152087766006	1.0
0.6043111262526162	0.8750873049377428	1.0
0.43503199552820904	0.8573398823158589	1.0
0.45777379369174187	0.801723216670486	1.0
0.3174765520927376	0.7664653742912029	1.0
0.4619762383011867	0.7628229276506051	1.0
0.3818225937250087	0.974323644157052	1.0
0.41829308882397875	0.8734948319294364	1.0
0.3318235211021634	0.9834486118292355	1.0
0.37961823052864146	0.9636626612485928	1.0
0.4395451519009764	0.8492669998434903	1.0
0.41182084051470147	0.883323000573943	1.0
0.2942521387801499	0.8601097326842679	1.0
0.364725510469409	0.9843092861419541	1.0
0.4191810502859871	0.8468092759734818	1.0
0.34005951838771253	0.9727388525832303	1.0
0.490009921224241	0.933468388846765	1.0
0.3454150994868962	0.8442289071285368	1.0
0.43687435842948463	0.7720437565973968	1.0
0.3794966349739528	0.8776530312579771	1.0
0.35198206038686164	0.820473138609237	1.0
0.4266041407317499	0.9094038218430289	1.0
0.3605913495550759	0.9886115027477133	1.0
0.31050873056308737	0.7793317850427356	1.0
0.6248019570554093	0.8556446083630982	1.0
0.33696098931365137	0.8487157386129175	1.0
0.48552399489432174	0.8786010429323268	1.0
0.5344688105099005	0.8895849605221462	1.0
0.35863781050978616	0.9943404280488347	1.0
0.3796638837815153	0.8769842915685098	1.0
0.34182946313953766	0.8319921691971746	1.0
0.3449572879696399	0.8478717865319374	1.0
0.5418146529645939	0.9781709753272883	1.0
0.4598322330864263	0.8366639507079205	1.0
0.5950665605496375	0.8559362241326933	1.0
0.3602752633673706	0.8301502453843763	1.0
0.36411250922466565	0.8776180283870649	1.0
0.30953254171025857	0.8564583028863268	1.0
0.5405105314891331	0.9265855429754566	1.0
0.3971630153045396	0.8534887269856445	1.0
0.5380029510643993	0.9093996387293546	1.0
0.5111387104311349	0.9069796708864268	1.0
0.4069792219511188	0.9558690375317109	1.0
0.6081320955047133	0.8242089084414275	1.0
0.48576174198468	0.9445295909717042	1.0
0.3412363338656532	0.9635518279525754	1.0
0.5169650468509484	0.9673240536605157	1.0
0.48030843698814657	0.9252929870937712	1.0
0.4849675997200235	0.7748938526713284	1.0
0.5134679360990059	0.9397773649171208	1.0
0.3727896527929855	0.9729399196559201	1.0
0.6426561819346286	0.8261097419163758	1.0
0.4990366956860856	0.8750853522476061	1.0
0.5436894947507281	0.9588123602368505	1.0
0.4194329643078749	0.8497633430347362	1.0
0.42769747484898984	0.9117503903186676	1.0
0.2921909716019354	0.8520730651073446	1.0
0.4182515011528549	0.8482413759427049	1.0
0.47433251708121954	0.8447209598709824	1.0
0.49639444712175845	0.9002019605207447	1.0
0.4784965695929994	0.8723072597631281	1.0
0.3426620889782238	0.9835800447321226	1.0
0.5275544872473966	0.9498805373102767	1.0
0.591002091931576	0.8673242532896324	1.0
0.37313533172696567	0.8541837747106376	1.0
0.48930109071334477	0.9143438911665172	1.0
0.3447252101939658	0.9105686387998507	1.0
0.419416338441524	0.8733605286007722	1.0
0.3185565405301799	0.856131205976419	1.0
0.3422684304595362	0.829530239064157	1.0
0.4628655381484414	0.9142122642208554	1.0
0.35310480774227804	0.8659140119198023	1.0
0.5479166554195134	0.927653655224687	1.0
0.593065749373133	0.8849832908510047	1.0
0.35757382548262784	0.8385189287178658	1.0
0.34376256361931035	0.8736667884419906	1.0
0.472694043871836	0.8459351386306156	1.0
0.4623674442557001	0.8636378518192438	1.0
0.37316272068048095	0.9599344488795583	1.0
0.3341856399668258	0.8964906723388382	1.0
0.3721951884373619	0.7691656920877213	1.0
0.37868758677355163	0.9639379713734568	1.0
0.31136469793497734	0.9506899235308921	1.0
0.2831458319012514	0.8663221696146948	1.0
0.4865775546674516	0.7508061785696709	1.0
0.5108785465207459	0.9364998084135862	1.0
0.42611452812325123	0.871359389674594	1.0
0.39084804051867283	0.9406027938729129	1.0
0.49519079508692054	0.8927283342368577	1.0
0.3200499471272919	0.7697005728794745	1.0
0.6275462675922174	0.8507109358060339	1.0
0.33319346567404623	0.9729715181567342	1.0
0.5711036358578596	0.9358554259102869	1.0
0.4275011313150795	0.8412665181370219	1.0
0.3767152982754055	0.814197911462393	1.0
0.48966049372663534	0.9695417214629832	1.0
0.4375893242263055	0.7823084286231751	1.0
0.35908854339887925	0.9693348852987145	1.0
0.3242728555244182	0.8037683286475816	1.0
0.4663228065088695	0.954773151339771	1.0
0.4988357621084308	0.9090257702811171	1.0
0.4443647719475907	0.8671004303173754	1.0
0.42260388166842716	0.9007159327391914	1.0
0.3914312319981402	1.0	1.0
0.3610948213709211	0.8774708231942966	1.0
0.5188218392986045	0.9691760709822951	1.0
0.3073199347261768	0.8033223426201058	1.0
0.5997934432525421	0.8188280341672447	1.0
0.4583751469169658	0.7969193527964755	1.0
0.5165310489472297	0.9427875050450367	1.0
0.4576941544747125	0.9006120621845888	1.0
0.35970030768247174	0.964602763518063	1.0
0.310514242225581	0.8598160832300592	1.0
0.39063194212019137	0.8139620987831957	1.0
0.3172674519238927	0.9567364387393811	1.0
0.49293322570704207	0.9440668017035814	1.0
0.3956274489338187	0.7508334595000621	1.0
0.4747658369867618	0.9171955851427637	1.0
0.3434341229363912	0.9066857482770657	1.0
0.4223050664289484	0.828405522044225	1.0
0.35375305066228757	0.9538401035293553	1.0
0.3122272960311557	0.7799139585641754	1.0
0.6365478277106411	0.8076181094603434	1.0
0.529134449724576	0.8525305912067502	1.0
0.400202841896807	0.8723104009520032	1.0
0.6278480524958652	0.8274360880439149	1.0
0.4432768161772335	0.8318897435479692	1.0
0.44676982037137447	0.8977692929857417	1.0
0.4465846623858558	0.8987627529247336	1.0
0.4248726518107898	0.8789126484935537	1.0
0.5157336514222369	0.8745510990759888	1.0
0.38601161444254806	0.9466057457796944	1.0
0.40099961993070093	0.9832778305195102	1.0
0.4666638617449809	0.8552758143203177	1.0
0.6181291825237818	0.8531692804785842	1.0
0.4097268100099515	0.8581173985580157	1.0
0.3105820713465456	0.8013433031055002	1.0
0.4065618551394615	0.8477769561365747	1.0
0.4610697208420393	0.7653575561905775	1.0
0.6130408297172775	0.805610068944197	1.0
0.35669262942658475	0.7276380374088081	1.0
0.29863666589438564	0.8537721989158018	1.0
0.329293990045555	0.7907695247657232	1.0
0.42500213428319955	0.8040581573235371	1.0
0.38634706245526673	0.8281137468149214	1.0
0.4402109193291986	0.8495840449996221	1.0
0.5278232349161143	0.9762795533114997	1.0
0.3718712565909703	0.8404287128520078	1.0
0.4887243898228221	0.915641933704447	1.0
0.4704360810804454	0.9007044967633353	1.0
0.39876855480165907	0.7920933400246088	1.0
0.4864991601378943	0.9628461336940437	1.0
0.5906453184610678	0.8555269751756123	1.0
0.44222952727844317	0.8590678753490699	1.0
0.5011857764845461	0.8341487424683183	1.0
0.6520661004295686	0.8699181851456743	1.0
0.39402095420391353	0.9538149945951961	1.0
0.5558058805317018	0.8606056430446747	1.0
0.4935843871731108	0.9354431893368496	1.0
0.3287821144558038	0.9587836466769775	1.0
0.39292619787567923	0.892149107387072	1.0
0.6606447691127193	0.8308949155953238	1.0
0.5902230914127334	0.8881814329382436	1.0
0.63488513657314	0.8258529811026751	1.0
0.3258326546425292	0.8355747602804358	1.0
0.2938966568101472	0.8724561460821658	1.0
0.4013002154762957	0.823519459123736	1.0
0.36824520668256955	0.9420416260152289	1.0
0.2912099434900087	0.8340820670255921	1.0
0.4866853373851828	0.8571627473551411	1.0
0.5436845383121015	0.9742622785971291	1.0
0.5568007358487256	0.9266324776921441	1.0
0.3979509062696098	0.7980858981298813	1.0
0.37591662115555974	0.799012048305145	1.0
0.3353222739802415	0.9704079403685386	1.0
0.4907379281224886	0.8550092638307916	1.0
0.6150708301068735	0.8069077178846735	1.0
0.5477696599911211	0.8034241727542867	1.0
0.4165600534403171	0.7740718183418827	1.0
0.5519426739859452	0.9467286113105995	1.0
0.474340339594832	0.902576514849654	1.0
0.4820927051844224	0.9488960438136217	1.0
0.6585535121397289	0.8579843049734861	1.0
