0.2240942806877739	0.4917748723380197	0.0
0.31975212086982124	0.36224590810056573	0.0
0.23788062667657353	0.3219798220885105	0.0
0.3081898130282481	0.4151287232752492	0.0
0.24130719956562122	0.49765716179872066	0.0
0.28509602695858866	0.38466978500213667	0.0
0.29646170303803154	0.39078302789210795	0.0
0.34561527167110523	0.44850113405890946	0.0
0.15872888258803022	0.441040797917427	0.0
0.2207677833302481	0.32403088289281917	0.0
0.14509221870430403	0.43140442483271657	0.0
0.24367798990768347	0.39353970420303214	0.0
0.1390386410867559	0.41983410462104953	0.0
0.2167473550178646	0.35276452367426536	0.0
0.2044396138692947	0.43196736754126497	0.0
0.060087086050444	0.21745623753832183	0.0
0.3001786838401044	0.41573721094089106	0.0
0.21880173882153342	0.29948781500487565	0.0
0.1532223728401799	0.2032179052711492	0.0
0.11983573225967994	0.16498984466279293	0.0
0.23183834765085928	0.34049769764749305	0.0
0.25552668383974547	0.34169535480592694	0.0
0.24449165042556326	0.29406873641123654	0.0
0.2933552402618688	0.2106144245815449	0.0
0.2999647946768986	0.42323789933357214	0.0
0.25421769268814104	0.36732317330776343	0.0
0.2254000291850711	0.3582689535727769	0.0
0.2225223869516599	0.4606349959514506	0.0
0.18641531290002925	0.36167145468399303	0.0
0.2684532210190557	0.22007185635273996	0.0
0.27358256254837265	0.381889056313644	0.0
0.26776801552347507	0.17575576951991967	0.0
0.15108664706191774	0.45818040143237543	0.0
0.28353319108969305	0.44337540947043963	0.0
0.22351187496551206	0.391519826105793	0.0
0.21854408054225127	0.3460573111156626	0.0
0.2639923775400546	0.2822718518066209	0.0
0.14145193812714352	0.2453112249865167	0.0
0.33210044074625145	0.37876484544680256	0.0
0.2040415737548998	0.35236707232889986	0.0
0.18248065227704732	0.4067524140037253	0.0
0.19441781585573734	0.5111602977402947	0.0
0.1098883963519669	0.15870999518394152	0.0
0.1927763520787477	0.5458173614639144	0.0
0.18707926292313812	0.18394318489455241	0.0
0.2927561697048832	0.33579204085659153	0.0
0.28577987816999145	0.3444087132085196	0.0
0.23955995028404528	0.3285984676181876	0.0
0.2684508057063358	0.3918963229115715	0.0
0.20943600729113107	0.38172117002082934	0.0
0.20953275160186896	0.3985285549858717	0.0
0.06065500318943968	0.022068398118848864	0.0
0.3517686038539569	0.34246122441673205	0.0
0.24377898675556242	0.20920109313101704	0.0
0.24176777749404327	0.3863626629507372	0.0
0.2733466549690861	0.4194716063097098	0.0
0.29277130690894393	0.35326621862541124	0.0
0.2445375768441117	0.33864367469210116	0.0
0.1732174340406487	0.3558740210659783	0.0
0.30196982136581313	0.37353990419725747	0.0
0.1523703286384502	0.3242082362234067	0.0
0.1981121501202112	0.19500498067891736	0.0
0.158341634956116	0.3689188027951027	0.0
0.17561719591263023	0.318297665534532	0.0
0.1818473522365788	0.32904126041199544	0.0
0.17593194292610287	0.4118561422712552	0.0
0.1813877961393091	0.2862880829420894	0.0
0.27466195320624814	0.48391074360855957	0.0
0.2777693843916133	0.4100743651189914	0.0
0.19868730578662389	0.35376452613739395	0.0
0.2666091342203331	0.41253974932702697	0.0
0.17780942467806013	0.34983949407256365	0.0
0.33851871047835036	0.45302757552841666	0.0
0.199538305038859	0.24267608087277792	0.0
0.28293035969552094	0.45187842197182615	0.0
0.255388529946007	0.5160747050897797	0.0
0.2722281547820485	0.413548945350077	0.0
0.19906276476167525	0.4060791919691582	0.0
0.28108938568788805	0.2930342147097892	0.0
0.23077346115113648	0.41073502236898607	0.0
0.011371252242279431	0.21208567818437835	0.0
0.2978267796621235	0.369546264979119	0.0
0.21149036148632386	0.4292135978574562	0.0
0.2386469202337171	0.3448644182023216	0.0
0.3049855541007921	0.34587955096084716	0.0
0.23326280775056277	0.4184643542473695	0.0
0.2982007994771986	0.3346386722454348	0.0
0.27515444880973466	0.3010749066751358	0.0
0.2291345951413948	0.2937084590705768	0.0
0.2353727088783791	0.3512518204900262	0.0
0.24949125738353287	0.34094947590489516	0.0
0.22391441777434246	0.3794449207903764	0.0
0.33748218759171095	0.30297668838259567	0.0
0.20387154539493424	0.25821274906118313	0.0
0.2506941426215238	0.5054822610318959	0.0
0.258694175376927	0.3712894691931862	0.0
0.2469819693785337	0.4091299439976499	0.0
0.2157898224493994	0.3820093019554103	0.0
0.25763361574069726	0.3770654432295061	0.0
0.2647730875423932	0.41726017126220855	0.0
0.2740301484245679	0.2221702295142492	0.0
0.18721884790103552	0.3642470430860546	0.0
0.18781550147831766	0.4112999816694188	0.0
0.1531498213920337	0.20657393906161803	0.0
0.30851280459869174	0.35877096145040055	0.0
0.0	0.2189814891433699	0.0
0.20521792847630274	0.33947599313598725	0.0
0.24194043751796773	0.3466811864741723	0.0
0.21979388353783613	0.3623341021893679	0.0
0.18511094921908514	0.3233982325964633	0.0
0.22669927917922988	0.3986750577339113	0.0
0.21666504366902892	0.380612497357547	0.0
0.25045852974128785	0.2977830084108615	0.0
0.1952356282384721	0.2502381471691841	0.0
0.24239149899651602	0.22904978879699922	0.0
0.22217102488753343	0.3475014119207299	0.0
0.19645695232596125	0.3197880365305584	0.0
0.2538138029319506	0.25781429682661217	0.0
0.2932780571233749	0.29389003072163405	0.0
0.3044781373209858	0.30359518073129876	0.0
0.30973477926255766	0.35521996276688755	0.0
0.30138872147348045	0.41270531467941296	0.0
0.24360535949867107	0.34291398994049743	0.0
0.23805321496936618	0.32015324532429773	0.0
0.24412549855850763	0.5268085650412689	0.0
0.11754277295763067	0.29931598686208427	0.0
0.30234576430676946	0.38917257644184283	0.0
0.24045721283885163	0.37327716082748996	0.0
0.2494936208161158	0.31325274449406676	0.0
0.21389311557706614	0.2802772507770689	0.0
0.26227498935292326	0.4199829157603593	0.0
0.2662499049745572	0.3729961020801189	0.0
0.23492156358647592	0.27296552083466674	0.0
0.17171379504605666	0.3465975161606774	0.0
0.23421065406701028	0.4235888966368821	0.0
0.059426579506736764	0.20577220873151486	0.0
0.21640866596889652	0.3113738979085313	0.0
0.23721942926242598	0.436960475061598	0.0
0.10105615102753183	0.18784484244419536	0.0
0.21158691949646646	0.3592948489985769	0.0
0.12848177001693747	0.2478004104185898	0.0
0.184996031838943	0.36254535445351127	0.0
0.2347512265123249	0.43267280854581747	0.0
0.20113782732746108	0.26479710914085314	0.0
0.2814979508090117	0.41080943716921003	0.0
0.17130851630413943	0.34505647873202305	0.0
0.2776979683667548	0.4393045889481809	0.0
0.21209185578440048	0.36040010463943545	0.0
0.1459353750622957	0.1726741815150355	0.0
0.3137977346616397	0.43561414713356006	0.0
0.07100195501120811	0.13663884244417257	0.0
0.20287573502668343	0.35243672164433	0.0
0.23781115011255757	0.23286744424709155	0.0
0.22714490802377565	0.4590325514134997	0.0
0.23405122929302474	0.4796467425026544	0.0
0.31160597262156975	0.39027453952365937	0.0
0.15725881462218425	0.44365994291927646	0.0
0.1990598463436293	0.46888971872978913	0.0
0.21679917290192105	0.421941984649309	0.0
0.12207205742706202	0.37582039729334227	0.0
0.1846051711764025	0.37208516065610014	0.0
0.20529766444280356	0.40551836322499735	0.0
0.13364799576318018	0.2153600777159118	0.0
0.08265675333817214	0.23785568509195354	0.0
0.2423186435261846	0.4226740008425722	0.0
0.23560287452069353	0.2464696920791412	0.0
0.21184184942048825	0.3827193961235955	0.0
0.26377041795449135	0.4141729865154235	0.0
0.21017469715135004	0.128442029078234	0.0
0.2352236127260609	0.4943167561313543	0.0
0.13651351868570177	0.18961175510957945	0.0
0.11535444224719531	0.2225900341646745	0.0
0.24446618143035692	0.3281095906143003	0.0
0.2870373222876013	0.35014000731767947	0.0
0.18103425966692432	0.3988782132775482	0.0
0.1898718874433645	0.3578502343905412	0.0
0.23337960416874612	0.23453738084551035	0.0
0.18148709277488795	0.5154587111051061	0.0
0.24912031885026903	0.4565630358132017	0.0
0.19284875663568513	0.3954821114964544	0.0
0.2707801087829437	0.3335305437723239	0.0
0.27942754609407255	0.3943018944402432	0.0
0.2291345463389903	0.3573815395137872	0.0
0.1571240147200683	0.3005173055155288	0.0
0.13933817281906624	0.3027639395545477	0.0
0.2705114236389444	0.3519798356686768	0.0
0.1704411550894137	0.3459023973307086	0.0
0.15160839379715435	0.25914046590113315	0.0
0.28033379268307407	0.4621271466314437	0.0
0.2639837666205363	0.2514454913647163	0.0
0.2527680277823952	0.3414026215095144	0.0
0.36234253016734497	0.4267602184579318	0.0
0.3068234359000518	0.5159199782673493	0.0
0.2057853440598033	0.4302559381876319	0.0
0.16945098878162818	0.30606173378954743	0.0
0.27757482715095216	0.2829610486941402	0.0
0.21514636633717454	0.3189229082368112	0.0
0.25374424548877283	0.3539147552136221	0.0
0.28654072235638123	0.36853071895578254	0.0
0.3154541412507591	0.34936922537823994	0.0
0.307996141762917	0.4588439386163229	0.0
0.27279704089963347	0.31104872184935206	0.0
0.25406530989062265	0.4327653200474555	0.0
0.16278740268539235	0.2501211492574345	0.0
0.2738626279849628	0.31262563501294127	0.0
0.18170003572657595	0.44296480072517386	0.0
0.2658588942486985	0.4319706664802512	0.0
0.251481631476447	0.44940373544978596	0.0
0.29632160614717185	0.3753536169992612	0.0
0.17504597883241416	0.311134464460218	0.0
0.2400866800443588	0.37553594065034845	0.0
0.16215909694472416	0.3303707248369577	0.0
0.20773545882511157	0.48855300677692015	0.0
0.24062125421737499	0.4012177753101033	0.0
0.26308069553692237	0.5249236706857959	0.0
0.2449047068444568	0.3416947373754268	0.0
0.2061730131297991	0.34785705503695774	0.0
0.1472102637104365	0.3372931375988449	0.0
0.22462316116657183	0.354087854017123	0.0
0.22001098931192498	0.4901089453351172	0.0
0.30844761731025444	0.20373531813701484	0.0
0.21864711476319915	0.4451685637198117	0.0
0.2400004342969599	0.49122532948707487	0.0
0.27655970067732294	0.26628067760218216	0.0
0.1997544808415149	0.2512227444245126	0.0
0.2411391796821813	0.4916602905813918	0.0
0.25313526901373185	0.451441929829195	0.0
0.18098045000931398	0.41347187914116834	0.0
0.1752485091849496	0.4025974932831385	0.0
0.14975499082342966	0.20956499038625154	0.0
0.20640821650635788	0.3819017512591947	0.0
0.24446014635932545	0.2698017240491879	0.0
0.14455459373977994	0.23410812166175582	0.0
0.2576143655966645	0.40042754287828247	0.0
0.1984864194873341	0.39420408468999957	0.0
0.17599030868181492	0.37039742612138615	0.0
0.1999512167649851	0.30770261415551925	0.0
0.1713525505595359	0.3681624380453168	0.0
0.24462245168583197	0.317576025840978	0.0
0.22225470857433746	0.4060285152986306	0.0
0.20288088284193287	0.33988049251206676	0.0
0.2958498842028429	0.42374321680174465	0.0
0.18577221820898165	0.35342604380002207	0.0
0.23257622637917216	0.43715460289768915	0.0
0.24482875932733644	0.3505026202664259	0.0
0.32728948971965954	0.28332975721976406	0.0
0.25993508926875925	0.5221740345401354	0.0
0.24029949333260248	0.36389978070036894	0.0
0.2693089456011952	0.28714849098706535	0.0
0.25154144213454643	0.5033925267615091	0.0
0.2958077799902246	0.3064460281202772	0.0
0.24866049272218885	0.47717509830366733	0.0
0.20694264158143513	0.3594273457215502	0.0
0.2821864731140231	0.3252509218867519	0.0
0.2626318720083522	0.41734260431225045	0.0
0.2568014833979283	0.43694217158633486	0.0
0.2671642859959451	0.29975692197836923	0.0
0.1980585371234681	0.18584267855256997	0.0
0.2642220999238798	0.29154637211261725	0.0
0.18637358218430636	0.30241938236614396	0.0
0.1709723667063795	0.33566845325564054	0.0
0.22568814553417305	0.4507832586168843	0.0
0.1795197946125209	0.348314905155429	0.0
0.2028528326546163	0.35172716626888256	0.0
0.25766007123536155	0.42520877413025415	0.0
0.1669570103883591	0.4296328584896296	0.0
0.2426668009747343	0.41839808574599924	0.0
0.24847775955971646	0.4321420756064276	0.0
0.13194018742411398	0.22073111353015296	0.0
0.26052989752022293	0.33838571692268543	0.0
0.26842025660666324	0.40636824670419036	0.0
0.2300487731073645	0.3045794449176624	0.0
0.19271604448632862	0.30368323053137114	0.0
0.07531925600212787	0.196241884389253	0.0
0.3361825072621915	0.38527142491879796	0.0
0.23613290138041965	0.3712740783095555	0.0
0.23743742462984987	0.5367725842221649	0.0
0.3207204509204859	0.4193642219305994	0.0
0.24393201086829017	0.5089302822478384	0.0
0.2430254858540045	0.30465787962123986	0.0
0.19986453909665414	0.4493836235676966	0.0
0.33018199525353964	0.41198949757794784	0.0
0.22502276320363576	0.40728990084592964	0.0
0.268695366104591	0.3177821732753281	0.0
0.2820249684228282	0.4624778958870736	0.0
0.24553567535722667	0.3364274645848172	0.0
0.308925578852288	0.33105287035599124	0.0
0.24130053217226569	0.3374834310476304	0.0
0.16864689210579648	0.4116897528701846	0.0
0.19795444423657033	0.3420304190374174	0.0
0.28224387991261274	0.20403079918069578	0.0
0.1893533590836707	0.23084422854606435	0.0
0.2384727104609279	0.4132409953385163	0.0
0.2250228412252899	0.45555978341406506	0.0
0.25732741764023576	0.3002813460810022	0.0
0.13672755717520219	0.3765869887516182	0.0
0.2341639021119968	0.3766157819318343	0.0
0.229039744754892	0.22363378146145313	0.0
0.2626162822564795	0.3268888779074237	0.0
0.20591466686101034	0.4738357206446617	0.0
0.1663013400456851	0.39378402521706524	0.0
0.1877308788154073	0.5142943240837123	0.0
0.20772194808535016	0.4634042378255932	0.0
0.21023923445294637	0.4431337202320478	0.0
0.18905395718517423	0.360960707859313	0.0
0.2526973192712088	0.4420889925855166	0.0
0.29310011609248654	0.5175752439388018	0.0
0.12014788210644088	0.22885755293158389	0.0
0.16834013746672905	0.23881112477185007	0.0
0.27836271593349066	0.4928999643152036	0.0
0.1890270778298478	0.41429865741922733	0.0
0.30904809351168755	0.3572868800502407	0.0
0.06557858417657823	0.0538526235983009	0.0
0.30095474390199345	0.47211750781613643	0.0
0.21173327616142826	0.42828295812302053	0.0
0.19700960427368447	0.3369672397727426	0.0
0.2820761863963019	0.4303732472277796	0.0
0.0942908103981123	0.40913422015912365	0.0
0.2656844998575456	0.37203699563765197	0.0
0.251221520733432	0.292810607833587	0.0
0.06937388712341716	0.18435491564606793	0.0
0.27109802362393276	0.3268767728552746	0.0
0.22827846514087632	0.40064959240343256	0.0
0.21970787550121862	0.4589770195832999	0.0
0.23513227317891647	0.3862120397107039	0.0
0.24300753878267112	0.4338331592469983	0.0
0.18492407267785582	0.3795216824577849	0.0
0.22026494388086335	0.3730531961702853	0.0
0.2080101844364192	0.3988985451567346	0.0
0.29285371930418175	0.3419570820176516	0.0
0.2009796826845128	0.3887872474463656	0.0
0.2209027619280904	0.25941121913101967	0.0
0.33478322915341135	0.4876868050418415	0.0
0.11902278549213194	0.16854782128882234	0.0
0.2823103441620916	0.41418943092892024	0.0
0.31462419276179104	0.41202559663618576	0.0
0.17630637023386833	0.2051716448058024	0.0
0.21504157542591917	0.29248587856074826	0.0
0.24062640338871205	0.42369395534364995	0.0
0.21788617793396192	0.33560793481491097	0.0
0.2792103400357145	0.3120547619299724	0.0
0.23725334193533792	0.43275754826805013	0.0
0.23457562749876956	0.3740414825380527	0.0
0.24809258752393334	0.2827523131763665	0.0
0.21665389635844393	0.5212876844335614	0.0
0.17526336702025472	0.31501957365744443	0.0
0.21105662057795296	0.30471447424200193	0.0
0.2004872806582688	0.3948022322637284	0.0
0.2346449580934077	0.19385365723018055	0.0
0.2758226699154508	0.4399061131446138	0.0
0.2627042083716859	0.3347745099658167	0.0
0.16936694858479578	0.3812462619937146	0.0
0.1919026414607027	0.4253350415462893	0.0
0.29717777733834666	0.46711653687194316	0.0
0.16472532758453673	0.2137610399257439	0.0
0.22946156385218133	0.328848955000122	0.0
0.16458914516737916	0.2478479014405438	0.0
0.2738429709274595	0.3411944365889786	0.0
0.1998024981246807	0.39220162080184284	0.0
0.2620998258212893	0.4361364508504778	0.0
0.2968846450874831	0.36230421195100654	0.0
0.21331256741940396	0.42181440396645026	0.0
0.27340178805563814	0.41831679127045096	0.0
0.2235879330969965	0.37865219821217877	0.0
0.2325137054653041	0.299248220400039	0.0
0.2671530739911223	0.27941981091307544	0.0
0.1584104468443262	0.3428291937563884	0.0
0.19576366929809869	0.3613389846734674	0.0
0.21182671367415212	0.285125254757736	0.0
0.20906383925292346	0.313411298423958	0.0
0.18310636383064433	0.44251073110668226	0.0
0.16707509380366858	0.4116605027118002	0.0
0.2603724856367655	0.48746276659290655	0.0
0.21326622868503253	0.3898636456046767	0.0
0.06500146349929344	0.2745097653943512	0.0
0.10250575369728677	0.21490337891323702	0.0
0.21054345335681057	0.2624582851176465	0.0
0.24442344731666246	0.431160432786081	0.0
0.21923421788307523	0.3861827055903333	0.0
0.24996830564647043	0.42556765510638084	0.0
0.28907384394720337	0.42562682629402904	0.0
0.2835712567377391	0.33806261801648413	0.0
0.24309990941715107	0.316933898947963	0.0
0.1761760273829758	0.36518305686145525	0.0
0.24483325999501204	0.3321244244940517	0.0
0.195460989292452	0.3705492713275117	0.0
0.2909056384233461	0.34223449832940284	0.0
0.20741657103918273	0.4280992134963708	0.0
0.18502348348196862	0.40553477505706376	0.0
0.19544051265322676	0.4288902412179565	0.0
0.13794436161213616	0.41353807234180406	0.0
0.21573923069898204	0.2440301867964127	0.0
0.2536781191311434	0.4516071249738478	0.0
0.31482478282237714	0.46401090504789944	0.0
0.17723384990532462	0.35437003894050795	0.0
0.24337572945929709	0.3101537483687029	0.0
0.2294380832776468	0.40976600223672943	0.0
0.13371407434296523	0.3519952601485587	0.0
0.20766704992346785	0.23235342079296767	0.0
0.2309118386572236	0.3688735839839892	0.0
0.25137554887428354	0.36687467464689655	0.0
0.24658375720279635	0.4757509534287477	0.0
0.12630784700867115	0.19620295611626226	0.0
0.22706470033325385	0.48787465690718823	0.0
0.34330219392468975	0.33016547581348005	0.0
0.18836609409765473	0.2649278784737135	0.0
0.28298131373746854	0.43178806870493813	0.0
0.21593589432698035	0.32142731582563966	0.0
0.17667356593776662	0.2885001574223083	0.0
0.2454321931193806	0.38923208273481624	0.0
0.29988528143481397	0.41860374421346597	0.0
0.23573046532786499	0.4494976199494312	0.0
0.24543650653489527	0.37492272417716915	0.0
0.1956880802240987	0.2938698331810538	0.0
0.27730008377555293	0.47239338096829403	0.0
0.2972372616521837	0.4468110357348901	0.0
0.04247452238677931	0.19034860136862558	0.0
0.24355080052491831	0.3774796336439943	0.0
0.19698444759470796	0.2850230418453235	0.0
0.17976807626371094	0.22390800872432282	0.0
0.09325730681551611	0.17917947119313493	0.0
0.19786109525698842	0.3028067625434221	0.0
0.2185802529817944	0.42054002973368426	0.0
0.28608311696405647	0.4561129448076579	0.0
0.251465502019406	0.22282826742119727	0.0
0.19247985630731157	0.37623659880782623	0.0
0.23997159590404044	0.4625797992692929	0.0
0.14629042474251183	0.36931663665760994	0.0
0.26708186594578465	0.3788054319656201	0.0
0.20337078844741957	0.4498681063350817	0.0
0.2686044309658964	0.4615267651294328	0.0
0.22182958344755926	0.3323182678974594	0.0
0.2271287256719147	0.3784859740239427	0.0
0.18973202650351612	0.2746074008548848	0.0
0.23645144415269084	0.40630107290201045	0.0
0.30575903889712536	0.3711039904931824	0.0
0.2516779673295418	0.2749022768405674	0.0
0.18080771297773965	0.21833367614978294	0.0
0.17512171026480788	0.28657197728003664	0.0
0.11389217007039228	0.1971744946420238	0.0
0.2799406946839239	0.3061960142134234	0.0
0.27371776227127653	0.39218618362671304	0.0
0.20304090095425453	0.357846647667731	0.0
0.227008431684635	0.2681911397133131	0.0
0.20763522491944447	0.3946421610572597	0.0
0.2348747619808981	0.291743713957098	0.0
0.245447809037204	0.44900391724388156	0.0
0.2292127391271372	0.5370427189952818	0.0
0.20045574699569876	0.2978529299214319	0.0
0.29127706758438504	0.5083947218911089	0.0
0.23796630020011944	0.42969887921931504	0.0
0.20010581478382836	0.45102462603531246	0.0
0.15711802348544238	0.29538143806441547	0.0
0.2724246599062108	0.38653960387118724	0.0
0.247523807934068	0.4321840648838149	0.0
0.26475799432060637	0.35470489724480836	0.0
0.2912986566856106	0.39765652299129495	0.0
0.25509493789351445	0.31470782495834004	0.0
0.20660589972052115	0.4361454329838478	0.0
0.29000632940927157	0.34612754257134215	0.0
0.22979208897214726	0.36250739853128394	0.0
0.20517890126819252	0.2339617595165046	0.0
0.2847860135664744	0.4526919938412408	0.0
0.16882462325083927	0.5356684422788961	0.0
0.32390819617933686	0.4130264325873314	0.0
0.2671546967056691	0.33106019242894075	0.0
0.2638889519783208	0.30755781062056714	0.0
0.2693936249851526	0.3096314659280517	0.0
0.20843956742311293	0.32538050986743483	0.0
0.1365853440708387	0.3419203160156002	0.0
0.08269684778427312	0.2770168211727834	0.0
0.19155932919097535	0.3248730591011003	0.0
0.1902703988225947	0.32997510514218825	0.0
0.1690706910169377	0.1815940413602274	0.0
0.2116394854349096	0.3688539489356335	0.0
0.2871366895481515	0.2897512492206164	0.0
0.2148961619316438	0.17296994660024456	0.0
0.31157364000238374	0.35704921018038277	0.0
0.25406159908562415	0.4442664893797224	0.0
0.22122324351198094	0.36724398310746964	0.0
0.1733781609814447	0.28128930043267236	0.0
0.2869748406432921	0.4823704853642964	0.0
0.2551507761931714	0.2898897355218683	0.0
0.18811893924398138	0.1461922194305738	0.0
0.3250423174770802	0.4855743906306834	0.0
0.2535599772358414	0.3371185591505287	0.0
0.02057520821782897	0.17519667499340225	0.0
0.24592047671017056	0.37525238290117063	0.0
0.2061617118650081	0.4079153472909177	0.0
0.2339393907008379	0.4539750122648517	0.0
0.18596951212382073	0.2044522336357913	0.0
0.1613622329350174	0.19793587891957692	0.0
0.19007817222830936	0.497145749975484	0.0
0.16646105137753245	0.26308458755265207	0.0
0.22795064471597	0.32263785837089337	0.0
0.19439359078860555	0.32185722911078873	0.0
0.29720440493751793	0.47271332124330356	0.0
0.14792384939665876	0.4151166611302247	0.0
0.22145217173322018	0.2913525926358021	0.0
0.25701466257749706	0.3584917183256677	0.0
0.8319935436469458	0.4012739849753281	0.25
0.8567708792321787	0.31104095908073104	0.25
0.9071193864004881	0.3508437583214411	0.25
0.80205974595096	0.18180113526716413	0.25
0.787245327793201	0.37005949138003436	0.25
0.7699474198626057	0.39279386151607454	0.25
0.8623395999083913	0.35469149378518056	0.25
0.7972135710880599	0.34512920104715883	0.25
0.863048613767554	0.3228663358801716	0.25
0.8556910498315174	0.32274319170123894	0.25
0.8143668771933898	0.4575363641627594	0.25
0.8980603843929698	0.33037654028483915	0.25
0.705962394130649	0.4493362335619484	0.25
0.7432594557651206	0.12243006682415625	0.25
0.7776555634142311	0.41673601145700556	0.25
0.8754798183914786	0.4022429653995158	0.25
0.8307618774133256	0.36399684755989625	0.25
0.8128282638158024	0.2978956202612461	0.25
0.736511922391516	0.34588725595472397	0.25
0.7892976816954842	0.4158712830463105	0.25
0.8323197145297188	0.35365568551463467	0.25
0.7463165679975071	0.2477255749891808	0.25
0.834441758370709	0.2927942366571708	0.25
0.8599868448389644	0.25377275645566644	0.25
0.8624756507327439	0.2352654799614799	0.25
0.8720121480030972	0.19381725278427314	0.25
0.8264043937316503	0.403402312377721	0.25
0.8976171825518956	0.24341331936508814	0.25
0.916483777377603	0.29755439269795103	0.25
0.8345084431282626	0.4026005394817562	0.25
0.7915410409015371	0.41854303461754927	0.25
0.8166066593476986	0.44068184193123705	0.25
0.805466229253813	0.3739539543130198	0.25
0.7557011662062891	0.40049858281016754	0.25
0.8984804860906377	0.35847867104395725	0.25
0.8017143263585723	0.2185080521110186	0.25
0.847677547739057	0.3525769787464743	0.25
0.7692787624687326	0.33541577611371237	0.25
0.8930928867457343	0.2159538047981291	0.25
0.8467318026993096	0.3969904375080686	0.25
0.8828116217245018	0.29981803288771686	0.25
0.8669302937678101	0.2604625706434651	0.25
0.850356967027456	0.39723554016218404	0.25
0.873929162017617	0.24417677087401957	0.25
0.8486941527654105	0.18054339095184618	0.25
0.9463823609962851	0.3270986346324203	0.25
0.8235002546210879	0.22772057819977082	0.25
0.8158323418086751	0.23056244153528105	0.25
0.7897225534284521	0.2464536745862519	0.25
0.7680458687549359	0.2604134681052423	0.25
0.9772805351657248	0.32526150132872733	0.25
0.9175981897429399	0.3894745817916395	0.25
0.7220178345601959	0.36657037634828477	0.25
0.8446399631084625	0.34683886245024736	0.25
0.8628103270722153	0.31631776643427806	0.25
0.8818655235985325	0.34540809696947533	0.25
0.8116228202426354	0.4244993891528499	0.25
0.78638092868483	0.3599307546906676	0.25
0.8485230926659991	0.3738938073805354	0.25
0.7756858812690838	0.4228965068579958	0.25
0.7676236777543233	0.4458530565484057	0.25
0.8596266221003057	0.24294763367287298	0.25
0.8434116272022556	0.28667026416083563	0.25
0.8847997922754602	0.3263013285134694	0.25
0.9999999999999999	0.23229106647184322	0.25
0.7680175124646329	0.1736473507329488	0.25
0.930192562588467	0.3577489117365913	0.25
0.7883791397289943	0.28612737033815555	0.25
0.7541511882344014	0.4310079661386861	0.25
0.7832901676925024	0.10892785751526446	0.25
0.8080792713915023	0.34586011268181277	0.25
0.9087733546524827	0.16932347847788964	0.25
0.8821465692734306	0.4200654507628457	0.25
0.8595642372571568	0.42070403418023106	0.25
0.9210140143544195	0.30359876365570193	0.25
0.8685711335649512	0.33666972720676436	0.25
0.8542769603964471	0.2564944861463928	0.25
0.8699707412937789	0.33726204967286816	0.25
0.8416127222331106	0.2689586266060103	0.25
0.7961768208494658	0.293806046985204	0.25
0.8318473128735843	0.33118607569572384	0.25
0.7839281600596096	0.3863656825070817	0.25
0.7699191400392894	0.4309591037947856	0.25
0.8218848972331457	0.4058165231119543	0.25
0.7966837807183996	0.3256247576997455	0.25
0.7742124158633646	0.3319221406387341	0.25
0.9953512950512128	0.2664414400074988	0.25
0.7646575056448829	0.38358620492323514	0.25
0.8172255888614135	0.2843029109146738	0.25
0.8092378367741784	0.2424323031472539	0.25
0.809382181221284	0.4038122462512792	0.25
0.9319588612582906	0.35061613295538235	0.25
0.84951797192514	0.39696369149305816	0.25
0.7903417028489235	0.31948125758364687	0.25
0.9167486682616076	0.22755460159645718	0.25
0.7797805000596412	0.40411883429326534	0.25
0.8902914409643703	0.24309336477211962	0.25
0.782805822968114	0.40084381947022907	0.25
0.8388579686647817	0.2599197428172621	0.25
0.7694500023386208	0.4034248369981306	0.25
0.7833812857189023	0.3905034720622935	0.25
0.8967366544052787	0.34778712950299495	0.25
0.8988795669132107	0.3437298237816176	0.25
0.8992779527048598	0.23688718564362804	0.25
0.7809771776403674	0.4394992294447316	0.25
0.7347336645270901	0.43165176431342284	0.25
0.8161553787344824	0.1723066584946099	0.25
0.826227631909558	0.39769256805617337	0.25
0.819929502166722	0.40041680802162016	0.25
0.7597844113503514	0.4635199676137653	0.25
0.8708195520079376	0.365949593758596	0.25
0.8534764571310447	0.2800059090473586	0.25
0.8586425967754154	0.3233849992975022	0.25
0.8753145632086556	0.35850228733373335	0.25
0.7945827358207678	0.3462063352942203	0.25
0.8036097081386193	0.3035461197053709	0.25
0.8524256037305727	0.2345602802394403	0.25
0.8322059313018899	0.38437176213424445	0.25
0.90699305041571	0.24953797313012716	0.25
0.7499346983516312	0.39244513316664	0.25
0.8673369371270458	0.25544496620500773	0.25
0.8909041035385437	0.38119488435616455	0.25
0.9459539390178447	0.24788737666907906	0.25
0.8190886930600139	0.339007711985696	0.25
0.746673222822426	0.3919821602172407	0.25
0.8290933026543189	0.41589719374914325	0.25
0.8157875185365844	0.3891321734970603	0.25
0.9101859707266855	0.33765583843312685	0.25
0.8182801408247029	0.31235919329072687	0.25
0.9886374199691368	0.2402189993975824	0.25
0.7975782505301449	0.3790258022459023	0.25
0.8208492457074877	0.27423129357186093	0.25
0.8228947863100724	0.4419964534035721	0.25
0.8082387570854639	0.2633619038043913	0.25
0.6985436232462392	0.09174000525546	0.25
0.9144942637408909	0.2803390914109218	0.25
0.8373763089896065	0.4017181002232375	0.25
0.7648984198328078	0.1908062230464308	0.25
0.9239426926407025	0.27481304892162567	0.25
0.7624086190452705	0.38105675171958686	0.25
0.8044401642255703	0.28410832407081765	0.25
0.8533163238482696	0.20141780085316063	0.25
0.8849529003143536	0.15983803504271388	0.25
0.7375559256941624	0.31447913058217153	0.25
0.8479314768600609	0.3669899042800449	0.25
0.8488102411802235	0.19221189381920656	0.25
0.8139101987878247	0.30805066242572804	0.25
0.8245336006691991	0.18166435153572852	0.25
0.7807082902810765	0.21432754499671652	0.25
0.8026374658239895	0.4597956661898638	0.25
0.8411304010266162	0.3715808912539545	0.25
0.7362889500800414	0.3696708224134222	0.25
0.804026478694946	0.4078480926124377	0.25
0.8739179536449497	0.27855432207472525	0.25
0.9312561612091921	0.31754278693139854	0.25
0.776020172545687	0.4310764159605167	0.25
0.8907910172945389	0.4064954362093365	0.25
0.9015730278283645	0.2978084754884386	0.25
0.8517804794223022	0.22752203049276337	0.25
0.8560864652617076	0.26281527394719806	0.25
0.9311166708424622	0.29835604886732914	0.25
0.7870436813098483	0.190953555081391	0.25
0.8860739862597837	0.2731781661514115	0.25
0.8864138540392981	0.35023296036947704	0.25
0.799055926318239	0.24759827326064726	0.25
0.8911972639541726	0.16100456008952224	0.25
0.8395547249667619	0.2922049314020631	0.25
0.8626318321427667	0.3383018444602025	0.25
0.9095391691615821	0.23719477651543996	0.25
0.8605230131910784	0.3269773501894779	0.25
0.9584784896176161	0.27602229376008275	0.25
0.8086773403115667	0.295342751417081	0.25
0.7866456509470019	0.35339092431874775	0.25
0.7641492671425123	0.23226848878655232	0.25
0.8197544611016429	0.17715012234437694	0.25
0.8116315076382643	0.35202815453981184	0.25
0.8180586972715562	0.2621137845150755	0.25
0.800366709892973	0.3441771427697985	0.25
0.7956726788031757	0.3183656340312805	0.25
0.8624122516738696	0.20053530432001382	0.25
0.7589335699674623	0.4560901663932816	0.25
0.8326805075546754	0.1414681726723226	0.25
0.8941900291572029	0.24092712634901248	0.25
0.7860412444294921	0.28619795734771947	0.25
0.8989961774984595	0.3254618064193038	0.25
0.7448953354942691	0.3343545882713568	0.25
0.7486298417534466	0.41755819802253047	0.25
0.8010638560419548	0.18510442453010317	0.25
0.7753732748434361	0.2796399552689311	0.25
0.816942856552457	0.35512628632324433	0.25
0.7633456993823635	0.26314720769032046	0.25
0.8989899908514122	0.18356225222445793	0.25
0.7881880895794577	0.22088896465740998	0.25
0.7302681189344111	0.3150346840321542	0.25
0.8059812074362475	0.26295666185222444	0.25
0.8164133740235439	0.4555359548015019	0.25
0.781223227063862	0.3637788955763088	0.25
0.8044897690562105	0.3264110146220083	0.25
0.8532977722482255	0.23448651509004714	0.25
0.8763332024920624	0.33473759184514035	0.25
0.8717083240188621	0.2359096510199717	0.25
0.832549532670457	0.3075025036199329	0.25
0.7512165401784618	0.4002693016903561	0.25
0.899582517215043	0.21746263743288707	0.25
0.817201268404422	0.4122246525133948	0.25
0.8367861797687045	0.3481031359002353	0.25
0.6872549704666437	0.3702500925967164	0.25
0.9608990481972179	0.19780252380707503	0.25
0.7444022536114594	0.18261657944154447	0.25
0.912648472329378	0.33951910609588276	0.25
0.8292122023964348	0.33910527977314553	0.25
0.9353154145734924	0.22811257135292579	0.25
0.8171320916686777	0.3768842909532296	0.25
0.9176490427996329	0.22701268143555042	0.25
0.6983602813408594	0.3921337718863467	0.25
0.8510973160096785	0.26601356446742785	0.25
0.8706047129068226	0.34768998730702927	0.25
0.8210413555960447	0.21058826917973966	0.25
0.7974950175942381	0.43101347946335045	0.25
0.7979416450351987	0.17032496469565162	0.25
0.83506851801917	0.30990519889322493	0.25
0.839464941532135	0.3496426471770185	0.25
0.9160287214433986	0.27695203855143896	0.25
0.8121756392315987	0.32586066851772183	0.25
0.7896195577782694	0.41405307864344054	0.25
0.785543231018451	0.30439220055673744	0.25
0.7368465887794889	0.42578206236630906	0.25
0.8957894723092228	0.22874936217289182	0.25
0.8710165874901641	0.2024621288479641	0.25
0.9083070701622362	0.3575108466803576	0.25
0.8607094724356228	0.35952950668725436	0.25
0.7386605426861012	0.4107659114424206	0.25
0.9101302841013937	0.4038857037659672	0.25
0.8693462274796986	0.38055788338299334	0.25
0.785973040349493	0.23797288236535363	0.25
0.8184136337813673	0.26735258072174234	0.25
0.7909720344909917	0.3458376779310034	0.25
0.8213858303371576	0.19066845250154119	0.25
0.7999999223892601	0.3329935727033986	0.25
0.8871679164237456	0.3521698533536136	0.25
0.8595045177011053	0.3674158810158292	0.25
0.7553283611323653	0.28262859935821594	0.25
0.9070536350116698	0.32885783377682176	0.25
0.8144296628484532	0.3813748748114145	0.25
0.9084408703314139	0.27265300943204746	0.25
0.7497770188182675	0.28161826810167345	0.25
0.7315623573868851	0.3008869707267865	0.25
0.773481534349162	0.21603304609622997	0.25
0.8304660901449589	0.27783364316084286	0.25
0.7482766925713058	0.37558222702702815	0.25
0.8617254071737952	0.30203654595617707	0.25
0.7599155901889273	0.1039949465352612	0.25
0.7968240212106602	0.22888372265401147	0.25
0.930928485014695	0.18599413818844374	0.25
0.779804133457379	0.40533306885206644	0.25
0.8470449897225064	0.37300925010426267	0.25
0.7922302363512927	0.23310776739176425	0.25
0.8762242260187114	0.2536053963997593	0.25
0.8097252203508398	0.4342857141143759	0.25
0.8398183925006095	0.3145413966654178	0.25
0.7846788092535905	0.4274088237966173	0.25
0.9102179157215577	0.3576748716793526	0.25
0.7225952926358068	0.3762919917832261	0.25
0.805433720238457	0.12270177219266304	0.25
0.8549298945838053	0.3019605141455486	0.25
0.7960339367133956	0.3942903815151773	0.25
0.7631741299191054	0.25291561130537776	0.25
0.7790179428509421	0.27254459978525886	0.25
0.820907447920236	0.37130565100217283	0.25
0.8426574911108945	0.3458673759674717	0.25
0.9160348692545716	0.27684930653773276	0.25
0.6818219367635237	0.38782003273367127	0.25
0.8829332105894603	0.3564667571409361	0.25
0.8941936751781496	0.23572032081307615	0.25
0.7542453511447003	0.47770234804838696	0.25
0.8523731391348416	0.45931593578713625	0.25
0.8205875809121519	0.2193791402237658	0.25
0.8447620008998746	0.18018049207036263	0.25
0.8406830496511865	0.3920978376446774	0.25
0.8667580988399093	0.3781289646224756	0.25
0.9121498969797699	0.3626816667234575	0.25
0.7592790625965986	0.30028710089106353	0.25
0.8827945726831099	0.2058780031103612	0.25
0.8528504395096856	0.22580112446323508	0.25
0.8361941900192362	0.39836408926640665	0.25
0.7619924441766932	0.32875809552369417	0.25
0.8119761091341572	0.45868523454430876	0.25
0.7193822487115128	0.2332238653956657	0.25
0.8501682399975414	0.20324383244483374	0.25
0.7438607940348152	0.3340754468658944	0.25
0.8654607527403859	0.3827693303576312	0.25
0.8512941275682524	0.2749199353232205	0.25
0.8649612136142181	0.27020695241682874	0.25
0.8042337405725116	0.22818407861746698	0.25
0.9166788996942967	0.4266035766159105	0.25
0.8142243984716193	0.32952197901043423	0.25
0.7892017069796853	0.31978545121332014	0.25
0.9066976672582846	0.3998850802416527	0.25
0.9362538675179856	0.2691026827236282	0.25
0.7917984532792399	0.27734011901842914	0.25
0.8476806429121926	0.3591803690941037	0.25
0.8163799645230231	0.24273131303224277	0.25
0.7913769685053823	0.28123625811669756	0.25
0.7073290019833726	0.4275937715488469	0.25
0.8844737211449962	0.3666259879066896	0.25
0.8776627609753893	0.2694940664250177	0.25
0.8556912909613903	0.38560056063306486	0.25
0.8378900373755627	0.3147330845309263	0.25
0.8253121166824594	0.25744117142180933	0.25
0.7106078125591626	0.45842562224967115	0.25
0.7894793131150438	0.40380375002595137	0.25
0.8399294365279592	0.35413054104919717	0.25
0.7659164250707082	0.35835333572600087	0.25
0.954136043680974	0.38996117899883764	0.25
0.9379567878310305	0.23523190356951978	0.25
0.8550904235405408	0.23814368061772423	0.25
0.8800941790138221	0.4229766018177641	0.25
0.8374925402265044	0.31077905869244626	0.25
0.8012108294403213	0.37889610090225495	0.25
0.8641821495475889	0.2880380854142283	0.25
0.7840339747519531	0.2684877450745149	0.25
0.8833385592695243	0.26366772964492863	0.25
0.8424565968795534	0.2090602285478954	0.25
0.8463350381906376	0.33157664528165665	0.25
0.885197703622033	0.4353325827397684	0.25
0.829436116719293	0.3000133034079426	0.25
0.8111838153587281	0.18702443606464714	0.25
0.912433027881428	0.23565871475015787	0.25
0.7837611448453082	0.36053801592653395	0.25
0.838116327115038	0.3215914970510679	0.25
0.8594496528273925	0.14609527388292687	0.25
0.8192736029539456	0.3223303538086727	0.25
0.822515254369646	0.2633561983810257	0.25
0.8023285713605038	0.13912648499899188	0.25
0.869430733363695	0.26145667576173764	0.25
0.8210870007479492	0.27186694670032846	0.25
0.8805826147493604	0.2687737549699128	0.25
0.8884057034982081	0.31341720650922794	0.25
0.8511527072940814	0.3809818038077384	0.25
0.7913421527340391	0.40237635822556905	0.25
0.8558429417562055	0.4191842311973467	0.25
0.8164487738776034	0.29885491878285375	0.25
0.8999543103845902	0.31716236718170676	0.25
0.7626774842392303	0.24790072339001917	0.25
0.8016094492566492	0.41604735260924885	0.25
0.8043451639596255	0.40903134205865554	0.25
0.7713605376352647	0.24761004314009155	0.25
0.7351651615082301	0.4222785134464099	0.25
0.7825360300256398	0.42737212083715337	0.25
0.8004128415740975	0.15324861398149853	0.25
0.8727930832060876	0.37516179749274126	0.25
0.8718226407597777	0.2688599329821448	0.25
0.8398556354975817	0.41021300173559916	0.25
0.9221240027095691	0.3181613724606834	0.25
0.7498192295371663	0.3896854262987753	0.25
0.8207670466632582	0.3911828943910829	0.25
0.8055797358915694	0.39324318631034927	0.25
0.7257131034447746	0.3451233973997851	0.25
0.725074544210889	0.400502560490149	0.25
0.8886220911042473	0.342993896739798	0.25
0.8601854471414523	0.294720801634226	0.25
0.9349244139932072	0.23737280370918828	0.25
0.8459905570311915	0.4167211050533391	0.25
0.8995266851941087	0.388434365928946	0.25
0.8381422891793452	0.20060050635374954	0.25
0.9015110679687769	0.3372433184266159	0.25
0.8565890819092926	0.3233291845859712	0.25
0.7975155982308806	0.3626911552093309	0.25
0.8689415340623825	0.3179068958217961	0.25
0.7577637382897239	0.35008214251946623	0.25
0.78374069711717	0.3866429881621638	0.25
0.8687642705331955	0.4024304849599307	0.25
0.9757598186598261	0.29259129330255107	0.25
0.7655913157905538	0.35201317928667775	0.25
0.7906198647828042	0.40913170181854597	0.25
0.9356607771271848	0.29297597730769415	0.25
0.7716350743452028	0.3489846432740783	0.25
0.8793342292172418	0.3352246138195343	0.25
0.8385256533384221	0.39464594484532217	0.25
0.8342179570548662	0.3628926548218851	0.25
0.7009041470957418	0.3816560442594492	0.25
0.8374629177591421	0.3470685218504956	0.25
0.8997679402853873	0.2624016637529755	0.25
0.9264013390760047	0.32461084238199356	0.25
0.8879672183989101	0.3436278631419766	0.25
0.8782013911123857	0.30886007438109425	0.25
0.8647320443435573	0.2929349377196463	0.25
0.7573102365591733	0.3533877024657609	0.25
0.7998851650765144	0.3928853247197488	0.25
0.9106290040419464	0.34159320307354496	0.25
0.8559943615480152	0.26689733858393866	0.25
0.7913801048238468	0.17565727649703805	0.25
0.7658836673257721	0.2924174598110542	0.25
0.8653115336367346	0.3865263024703369	0.25
0.7078298390740921	0.35609777354782657	0.25
0.929624148896861	0.25040348495704334	0.25
0.7917290955982759	0.20306898341898688	0.25
0.8927291189129486	0.36264988416333854	0.25
0.7160832608997735	0.3574016331511231	0.25
0.881127224975758	0.135435427208701	0.25
0.7954849021566918	0.3854179622300165	0.25
0.8109033686066106	0.35761764814896607	0.25
0.80161252303828	0.458672102492657	0.25
0.7873909607042913	0.22613608965113413	0.25
0.7774572279197668	0.30129188813332913	0.25
0.8291116005721647	0.47217949097562656	0.25
0.7729785663092481	0.17207018483176562	0.25
0.7822393750158068	0.2991819759443798	0.25
0.8003793158709733	0.37356896849614946	0.25
0.8123843661925959	0.3473218644677447	0.25
0.7270144784303392	0.349573927584024	0.25
0.8216609230405518	0.2160796208740387	0.25
0.8617698543653705	0.2830686033506073	0.25
0.8045518857894676	0.2613001293828262	0.25
0.8255817941612981	0.31728367397606605	0.25
0.7845905854530197	0.38486935629174124	0.25
0.8117319462158306	0.2416471769942034	0.25
0.8105118330546309	0.46954617418170064	0.25
0.7723719642919621	0.3373532062298729	0.25
0.851084837091322	0.36836958042329065	0.25
0.9173764252729598	0.3876093079699712	0.25
0.8252370996795916	0.23849887903715278	0.25
0.8071295514776002	0.20173184205646622	0.25
0.7737297718224605	0.39248028475380003	0.25
0.8574745418998487	0.38410532102179107	0.25
0.781258755259154	0.4414602088683619	0.25
0.9219674675904983	0.3626412662435226	0.25
0.8699397074408578	0.3501846400632934	0.25
0.8745739414275339	0.3377947650153835	0.25
0.8233758258582833	0.3366043431276721	0.25
0.7867712321807819	0.37158590197152064	0.25
0.7877305603943295	0.39052260976659403	0.25
0.7622244071661114	0.25217463908640564	0.25
0.8621669516682081	0.2835439845566651	0.25
0.9950052729816226	0.21420232752588558	0.25
0.8080783926205324	0.27224088271349556	0.25
0.8437060908513334	0.41947862847804473	0.25
0.8493233638726688	0.3302519413527061	0.25
0.848211452559595	0.38457779110603973	0.25
0.8227161593815134	0.17779655069863337	0.25
0.8548654980139949	0.353060127198445	0.25
0.7311557240558938	0.3320166329245282	0.25
0.8366290335013057	0.2997822664212658	0.25
0.8362093776689311	0.23216240611485994	0.25
0.852973808016444	0.22999433606178932	0.25
0.8272018300987176	0.14516483415552361	0.25
0.8660239801601507	0.32215923853513745	0.25
0.8930300597979313	0.36535124147674675	0.25
0.8836723757896356	0.32253375083646235	0.25
0.82388454151319	0.13061496125136718	0.25
0.8491721240617293	0.2814369643297883	0.25
0.874414405635348	0.34336842637824644	0.25
0.8780415943596251	0.36225671663540154	0.25
0.9141551152321027	0.21194840675434573	0.25
0.8645775915456865	0.21995695865942805	0.25
0.8919248183059354	0.2454010401912995	0.25
0.8929113221256528	0.18022600741897338	0.25
0.6996823732143512	0.39032640573277255	0.25
0.8171099709998496	0.21463581188052955	0.25
0.7695153137657196	0.3655821320514087	0.25
0.8838744078429241	0.2642934488533743	0.25
0.7911356022529258	0.2487444187049096	0.25
0.8064864572635995	0.41951185856711193	0.25
0.8897864809141174	0.3760177515617254	0.25
0.8891020954047018	0.19156296135014295	0.25
0.7797746099671724	0.31054266675812764	0.25
0.8810966610914079	0.25812376762303074	0.25
0.8636392924691282	0.2184448062143295	0.25
0.882502621114045	0.3866003536691523	0.25
0.8577442567530362	0.3070221617243585	0.25
0.762388616842369	0.18664034816781921	0.25
0.8362796930066048	0.355803616262869	0.25
0.8719545677608452	0.30521538061167636	0.25
0.8495876605132906	0.23293247368535275	0.25
0.7549771720835218	0.3898705313221521	0.25
0.8146839337522137	0.2870998622885092	0.25
0.816185177823219	0.24063864294194237	0.25
0.7253346878519144	0.390395270516017	0.25
0.8442918236632239	0.2597478373007078	0.25
0.8015791624415262	0.2603618931592639	0.25
0.8786847094857659	0.27005798559777777	0.25
0.9098540604053518	0.32053803462920016	0.25
0.8622638692382031	0.37982141874353786	0.25
0.8617555486182727	0.3105446752491949	0.25
0.7043418757077167	0.4500078023315205	0.25
0.8005897810406956	0.2219729052813701	0.25
0.8389577185271171	0.2695709908002832	0.25
0.7748764465151802	0.3236276087919216	0.25
0.8275104364139414	0.24121680616561408	0.25
0.7799260515197575	0.3959504302933121	0.25
0.8998305328628831	0.3034154670901083	0.25
0.8217807110535755	0.4031951590782515	0.25
0.9383770744146103	0.2393244005356725	0.25
0.8501411169254725	0.3734392166235355	0.25
0.7939570150107129	0.19443765467468904	0.25
0.7908081741348789	0.19963923655499272	0.25
0.8165968121950613	0.4279642209294774	0.25
0.7640564627950712	0.38343423122686926	0.25
0.784567080392498	0.13261340054985987	0.25
0.7873738549172892	0.3747306621915615	0.25
0.463655044231176	0.41619486508342546	0.5
0.4449229138674564	0.411116166366284	0.5
0.46845800677025484	0.45208222000035614	0.5
0.44010038688485864	0.46588969180353723	0.5
0.4785214992281912	0.44046283349740556	0.5
0.5036103649579664	0.4178159314040283	0.5
0.34946167837195613	0.5018472581870588	0.5
0.49059039005442345	0.44236673039509855	0.5
0.5285889400813986	0.4324544096654038	0.5
0.460987874333985	0.4685991085289277	0.5
0.49761626938035897	0.45267849358273987	0.5
0.4073918055451859	0.43101266651644354	0.5
0.4341622227291675	0.3844696538852995	0.5
0.445605761457047	0.43394664866808386	0.5
0.4103409750986636	0.45121511144061777	0.5
0.3764825912032584	0.49479489248988373	0.5
0.4720853420277285	0.4017425895149239	0.5
0.4279592191202555	0.32329609618492344	0.5
0.4507797277331037	0.4696512897775103	0.5
0.4268196491015656	0.48233340144335957	0.5
0.47298643349623465	0.47494159359700155	0.5
0.48478090373255234	0.48943714347521616	0.5
0.4318743118328466	0.3706536742704996	0.5
0.41640324809981344	0.39108081649688065	0.5
0.4206398360707199	0.3686815948598612	0.5
0.40488165201528253	0.4293370984507848	0.5
0.4492889635337687	0.44554652236689296	0.5
0.5071449222317779	0.39370714041810206	0.5
0.47431933483149863	0.43714023226686416	0.5
0.42629695362973746	0.4144966972083786	0.5
0.3887178028714491	0.4124991351269708	0.5
0.5005381949556008	0.451040829707295	0.5
0.4572341254835303	0.4775834127938612	0.5
0.40085212579215174	0.4901494819915543	0.5
0.4798385275731151	0.448213040103001	0.5
0.5136302297994442	0.4754400698596911	0.5
0.4467040380716346	0.40614108138238036	0.5
0.4724189634646406	0.40866312767577995	0.5
0.4413220832763256	0.48916748808871086	0.5
0.3833128951732263	0.4866559540880411	0.5
0.45996044354674165	0.3767235752403349	0.5
0.49326132473742995	0.42500284859397847	0.5
0.44122907502611985	0.47806675648144187	0.5
0.44718157432965716	0.49256479693567823	0.5
0.37342596340426093	0.4195237911475844	0.5
0.4184714591980905	0.4444274771739638	0.5
0.5223739424301989	0.3671762687345929	0.5
0.4225060259832872	0.4634223980047769	0.5
0.3588658317457759	0.45102321442070525	0.5
0.4287483797341071	0.38044291883396497	0.5
0.4421422052979705	0.4374036913924653	0.5
0.495931112739275	0.4115048265111563	0.5
0.4213914695246361	0.49380152987051096	0.5
0.3845878241509617	0.4791768657142424	0.5
0.4764485056934606	0.4192066020481293	0.5
0.4332070448653229	0.5065325709963101	0.5
0.4011208654815779	0.4310588233935716	0.5
0.427722204737609	0.43427027448333105	0.5
0.4103345594810922	0.46934331576103583	0.5
0.4297673107990394	0.48992089077565726	0.5
0.44607981159271926	0.4868050767914508	0.5
0.6077642213436383	0.415324175994332	0.5
0.4128437622371121	0.487387115771704	0.5
0.4714503105565401	0.36351212533647936	0.5
0.5007727210599533	0.40896992286806017	0.5
0.4770049284342549	0.3477688041824092	0.5
0.48582365159534563	0.4268925352130356	0.5
0.4476189274142083	0.47683897459958385	0.5
0.3901404295648393	0.4723814857090163	0.5
0.4373421079941199	0.49315755600284283	0.5
0.41296796148654785	0.44815668700631917	0.5
0.49629259617635124	0.4388969062220749	0.5
0.45243847449427194	0.4585642984644467	0.5
0.4677549762887842	0.3913729698357095	0.5
0.3898268623492688	0.45556604252439226	0.5
0.5510711474730586	0.4539894604322474	0.5
0.4626116600385411	0.4701338844779851	0.5
0.47184690324955325	0.4697392846799441	0.5
0.45205032432096115	0.45383309673205907	0.5
0.3966240723524415	0.5130094363146512	0.5
0.46297830170047055	0.48926410078996424	0.5
0.4685583236447586	0.4110729767217795	0.5
0.42417366220514835	0.4841349504146819	0.5
0.4109575734092391	0.5254995808737781	0.5
0.4418529298214181	0.48624955031716127	0.5
0.3626996626180238	0.4811806491435343	0.5
0.347414511711478	0.41699108947728647	0.5
0.4013548938961491	0.5054065060243829	0.5
0.4780789722992574	0.45282701016493254	0.5
0.41722004930955603	0.4521521647948302	0.5
0.4820158700699675	0.5025839086303612	0.5
0.48601600596596845	0.46614349207535083	0.5
0.4105004647775503	0.45960436707327357	0.5
0.530526516181301	0.4976427249504558	0.5
0.4047838489950987	0.4736820410246011	0.5
0.3691011610255979	0.4454065987553064	0.5
0.35081261419529025	0.43747903507038854	0.5
0.4433290911218314	0.4397377413333101	0.5
0.405270912122543	0.5216840048565207	0.5
0.5181903832638238	0.4900606191247052	0.5
0.41326852927181895	0.4682028225864512	0.5
0.4985194549727026	0.4837783604581587	0.5
0.3559354720166422	0.46406099527421724	0.5
0.5143118944552287	0.41236454709001147	0.5
0.45073314621329225	0.3742947202639785	0.5
0.5405377493435126	0.4590728324880314	0.5
0.4037980198186282	0.3937200260808018	0.5
0.4587332884780802	0.47540550926780367	0.5
0.4015259189746374	0.4580094690333547	0.5
0.4428489320548439	0.3369403822019417	0.5
0.4601599958948043	0.39849562916967296	0.5
0.45094938399590906	0.3288184625532063	0.5
0.44030465602489144	0.4929711062107949	0.5
0.4351335710195511	0.45322832912512645	0.5
0.46569705101798065	0.4125026618244422	0.5
0.40774053026275503	0.4106116287654157	0.5
0.5035927550142911	0.5049967333582168	0.5
0.4465492350529478	0.4436544447657306	0.5
0.49444016893649473	0.4670315963110524	0.5
0.4690641236903842	0.3366971600431309	0.5
0.33276765594608	0.5183114519210802	0.5
0.40468259250515737	0.4570096003016919	0.5
0.4231065629370742	0.4608265742221319	0.5
0.42947224969960773	0.43048759963850036	0.5
0.36893689263435075	0.3722462981187746	0.5
0.4573196939362809	0.38193778552795565	0.5
0.4182961382735296	0.5318094304446634	0.5
0.4830276743323584	0.5056855263501956	0.5
0.4370774801206876	0.494068846061247	0.5
0.5395686438640215	0.38840264915807715	0.5
0.4358728709758266	0.4046186404048412	0.5
0.4717503834422111	0.40174529671655823	0.5
0.4602821822131153	0.3299740088750288	0.5
0.4812374331411864	0.42931790516600765	0.5
0.4591526134676907	0.4793316155653965	0.5
0.4178096499258432	0.446852767471115	0.5
0.4002393711904542	0.4392491595913607	0.5
0.5114549595992515	0.49929175737560544	0.5
0.3936876829565255	0.4301093705017546	0.5
0.5069953223149297	0.4378848412385633	0.5
0.5840169396321558	0.4396909058957008	0.5
0.4855934891220683	0.37786225939698204	0.5
0.5130807921721722	0.45651332087863083	0.5
0.5248568457981685	0.41661825335579933	0.5
0.47437098193532334	0.39603059087567494	0.5
0.4784324110958976	0.4247941124307032	0.5
0.4763572152145043	0.4370444293108722	0.5
0.4666938248830745	0.32681975309662664	0.5
0.38657048701848495	0.4908987725321703	0.5
0.49546247580382785	0.4287974561847874	0.5
0.3901938666249344	0.4876500685152406	0.5
0.427346530862346	0.41775237423276024	0.5
0.40029961363581723	0.43155250780420384	0.5
0.48215408481537453	0.38984131181121834	0.5
0.3933813566193085	0.5019460680250702	0.5
0.40042255046505754	0.3294392076564701	0.5
0.4427974838535967	0.4943357408847183	0.5
0.490345620635913	0.500605089940042	0.5
0.4058678017566421	0.4001410819483085	0.5
0.5238828769219012	0.4068220108556615	0.5
0.4720644738635168	0.524677276412288	0.5
0.5514110866142967	0.4994658087877346	0.5
0.4895743688371609	0.464662131633822	0.5
0.45877853899695237	0.44422813738108646	0.5
0.4577974145356454	0.45977353401312204	0.5
0.4880457740714302	0.43048572254031386	0.5
0.48594253394519865	0.413497346129008	0.5
0.4705615690434528	0.45750773169864223	0.5
0.48999159091071576	0.40142270337563846	0.5
0.4369755891531093	0.43210630124979815	0.5
0.37139516567733016	0.4078624006577918	0.5
0.39224611462718045	0.5210885998347161	0.5
0.47327164518865	0.4042162047641038	0.5
0.3856596081604911	0.42307318164587665	0.5
0.4100427353997053	0.4646872776129125	0.5
0.4203302491483989	0.49487948160737194	0.5
0.41503382754314355	0.49127635807346887	0.5
0.44472698504585756	0.4515157628460529	0.5
0.44950560244990384	0.44215368045057374	0.5
0.3666877656299242	0.5332334836221644	0.5
0.3771716254267245	0.5224668379230397	0.5
0.4544153225667688	0.4225030440676264	0.5
0.4907018131225986	0.48382512801050537	0.5
0.42575303049203794	0.5026031849914905	0.5
0.4933575686931267	0.47929380073961303	0.5
0.46997841480805475	0.3560671160593018	0.5
0.48150503077456747	0.43912523942148973	0.5
0.43477993558734185	0.4943134987355791	0.5
0.4220921933322078	0.5254047371553947	0.5
0.37686518060489643	0.5062887355616233	0.5
0.44964277761629545	0.5116301358091712	0.5
0.5159534569412949	0.45458856253425384	0.5
0.4760617168085805	0.49655485886031003	0.5
0.39679310083400077	0.3918994286667852	0.5
0.5412940115910407	0.4612391602554651	0.5
0.44791245641891486	0.45660072578009014	0.5
0.4390046799241914	0.33459076654313374	0.5
0.49072409059487515	0.48136224168193	0.5
0.4140095589898813	0.4678039042238099	0.5
0.4775858561469016	0.5088617461188302	0.5
0.4374352403798092	0.35318233687453615	0.5
0.45570909454504027	0.5385758483531843	0.5
0.3754470369466648	0.4615477687917211	0.5
0.4560622200925549	0.40541063465259153	0.5
0.4434602443853435	0.41051061437450265	0.5
0.483150134619023	0.42873693247135247	0.5
0.5294484797484179	0.43153441136557424	0.5
0.4301316749138859	0.5065751382375352	0.5
0.4341352246203619	0.45059281781937366	0.5
0.45833965139526206	0.4146068492150521	0.5
0.3714236471480722	0.4377194484045095	0.5
0.5225108095922921	0.45773004372615456	0.5
0.39919988882448265	0.40583587997888043	0.5
0.469138882699543	0.4053821024867369	0.5
0.4310999884194138	0.34799672955487876	0.5
0.4526603073480064	0.4985034435508743	0.5
0.48935438290420047	0.4870692168179441	0.5
0.4182756053569815	0.46534278350965097	0.5
0.44660712146576026	0.4979371342591138	0.5
0.35564553793613346	0.4162800606605115	0.5
0.40830694862794314	0.42110389888007127	0.5
0.5236989310819582	0.4509808121660851	0.5
0.5077774070115944	0.33406555562165646	0.5
0.45294245333806	0.3613268426494932	0.5
0.44336911850227173	0.42758643083749914	0.5
0.5348005508457633	0.3374226459158866	0.5
0.5104440372400799	0.43626128241979145	0.5
0.3947486188559776	0.39299781918780274	0.5
0.4591804788852918	0.33651905569775886	0.5
0.566380435412215	0.37458546282681826	0.5
0.45706470914057007	0.504902421664573	0.5
0.47111837392010436	0.37216026379702727	0.5
0.4135050870215375	0.3982279269489485	0.5
0.4190075555053065	0.4760984065981177	0.5
0.4988196835976193	0.36490850236885214	0.5
0.42916753521135836	0.39068098352011815	0.5
0.5116597335153965	0.43145348624605884	0.5
0.4406939975008633	0.4364181489413146	0.5
0.432118480534991	0.509049798970705	0.5
0.44489835433443137	0.40123755226607927	0.5
0.4000325496368324	0.4349691436986335	0.5
0.4668474664667762	0.4072359446192051	0.5
0.38829107328980705	0.4488528478333305	0.5
0.4119037233055502	0.4270729627544563	0.5
0.4801155698232329	0.4051550785786012	0.5
0.4416906714283859	0.4944123882336715	0.5
0.41024451629733966	0.46148826829726086	0.5
0.41016205295412395	0.41134636564015237	0.5
0.4340493219133748	0.39718462162183443	0.5
0.3631276015052892	0.5019441260609357	0.5
0.45607834672212055	0.5101416511292831	0.5
0.47810789905969775	0.3984110191175029	0.5
0.478340485562529	0.49086806727098353	0.5
0.44295684822676173	0.38193118033453666	0.5
0.45626900436903195	0.4428418285853646	0.5
0.37522660668595614	0.49718137310437405	0.5
0.3740360979281787	0.5103312230550916	0.5
0.4404708669519358	0.3799009429524365	0.5
0.4717702840667116	0.4995398644296589	0.5
0.4019602567167823	0.44897406270643236	0.5
0.5049516652393627	0.39278482375082857	0.5
0.50880263375734	0.43613201782238153	0.5
0.5054943733112331	0.3670045688287736	0.5
0.46587319680497385	0.417971464458241	0.5
0.48044818658606725	0.3870882161753989	0.5
0.40997074809662015	0.5117280842024449	0.5
0.4037225980178933	0.395041490498905	0.5
0.5460522255307891	0.37068801680488955	0.5
0.4549356851781149	0.4938389349441736	0.5
0.429973222991668	0.3640741199180395	0.5
0.5066356356352607	0.45957592733535857	0.5
0.4863765361166558	0.40652659275272784	0.5
0.4769875221242502	0.3899832163445133	0.5
0.39250379536909974	0.4530693822326069	0.5
0.43658571169123384	0.4489199923536357	0.5
0.40701021964811207	0.4277169117179575	0.5
0.44008287426966214	0.4093521271575974	0.5
0.43980562654378763	0.42069504299202704	0.5
0.4377123018429669	0.45821472810831543	0.5
0.4066946735550541	0.48219985235721263	0.5
0.5368826680471157	0.4154578574867021	0.5
0.45046976525947036	0.5039106065721473	0.5
0.47510165018658373	0.4517458642716481	0.5
0.46959227999626013	0.4256919764692351	0.5
0.4982668506290363	0.33960133030282397	0.5
0.3825745866269583	0.45834652508646756	0.5
0.44347192914797545	0.3514764767434581	0.5
0.39405125714447925	0.5118267075720228	0.5
0.4587380334155975	0.38162539446136035	0.5
0.4755503358307414	0.522758719343288	0.5
0.40200199777262785	0.4727480024312113	0.5
0.44941688666578866	0.39735615230461285	0.5
0.500624945910879	0.4210620918883272	0.5
0.4888757882581543	0.42776852023160344	0.5
0.483274763806266	0.4133475699810518	0.5
0.5075714350126769	0.3948632546368973	0.5
0.5240217611366661	0.3465981034462755	0.5
0.4884131650491186	0.3290837207063375	0.5
0.435662077935567	0.4760180698826185	0.5
0.48071035175389354	0.478675298867021	0.5
0.6001429831334898	0.44908979691944473	0.5
0.438710375816632	0.5041999668976612	0.5
0.432480166275724	0.4052423669987478	0.5
0.46529113182259985	0.4603793052898648	0.5
0.4552330249338679	0.4163290535621814	0.5
0.47576883352113075	0.48418816543696774	0.5
0.4892996179064865	0.4268573366213568	0.5
0.503387492381581	0.4041670903963607	0.5
0.4161765959323471	0.41096568575994286	0.5
0.46294533623483225	0.478351199942116	0.5
0.3747855512968983	0.5109377896412162	0.5
0.43962520765614743	0.44866093944987867	0.5
0.47619581544805684	0.35317371672695835	0.5
0.44983350381998927	0.4627571748352496	0.5
0.44778911858184195	0.4115194610296572	0.5
0.4654850222888571	0.4894730859697218	0.5
0.5317671433857217	0.4453220412658521	0.5
0.40957212890506384	0.5284646199880371	0.5
0.42550976596178497	0.4203263352248223	0.5
0.5502883378396873	0.4430824331965102	0.5
0.4842406350844363	0.4557217700446574	0.5
0.41388659322925003	0.5055229572625383	0.5
0.45082664265847827	0.4976940433071538	0.5
0.4967268518817987	0.4362692042554739	0.5
0.4808551507373299	0.46857131215767567	0.5
0.4400782873781817	0.46769368997254523	0.5
0.3860343621072047	0.47064076157065404	0.5
0.45038024482715633	0.3928784874443616	0.5
0.3647293961430705	0.5026510584592959	0.5
0.41917491295289006	0.47084925512149456	0.5
0.437478413333586	0.4571378170084474	0.5
0.418729248448919	0.4706110240695848	0.5
0.487697866767004	0.43232312906941767	0.5
0.4935417638006642	0.4616946042045357	0.5
0.3861298757138417	0.4806061537787461	0.5
0.4114847679486869	0.5011896852834817	0.5
0.5170790696219135	0.40639409450587216	0.5
0.4502490452630509	0.3725931849619118	0.5
0.418067836887455	0.5128280215655061	0.5
0.4448662271181769	0.4220113424882654	0.5
0.4867239561986236	0.4623350857887242	0.5
0.42812699207208266	0.4406533042819948	0.5
0.4333444913826033	0.4296214418397011	0.5
0.4503816569991991	0.39373820354284994	0.5
0.40175868986359137	0.3702906676184263	0.5
0.5520553543926051	0.3645031907940631	0.5
0.3604203785843427	0.4386623201773529	0.5
0.41257027016664466	0.4595634360886486	0.5
0.3626487275911933	0.45265653549306994	0.5
0.4005466159103765	0.42669628411064453	0.5
0.5101419002454165	0.4472058965901107	0.5
0.5241023778524506	0.41325080590841096	0.5
0.40550864764626027	0.49762860440303847	0.5
0.5688266849653886	0.45149901208095955	0.5
0.5166843806238538	0.5063711204155179	0.5
0.45900537995552243	0.3986595062767997	0.5
0.3523758969942204	0.41802516508286336	0.5
0.45557216408629697	0.43597465961932086	0.5
0.43580295995911267	0.5249430955191194	0.5
0.45935364931599365	0.4524524944383494	0.5
0.503132507180243	0.37691583310992394	0.5
0.37125966386309883	0.5275522371494537	0.5
0.4601227729583628	0.34068989378184994	0.5
0.3734499893494887	0.41155322683469264	0.5
0.4327650536881695	0.4619057899224378	0.5
0.45505878376602843	0.5064657462464842	0.5
0.4081141258516935	0.5386348399951754	0.5
0.4456583072258592	0.4462294468042555	0.5
0.3579484618601067	0.47661270811506296	0.5
0.49891215393423066	0.47594632732340214	0.5
0.38745483415512394	0.4344937689969649	0.5
0.5007238561223762	0.4058102450555068	0.5
0.43704835273144393	0.41198614748116424	0.5
0.4408654099530482	0.5307567527280623	0.5
0.5569433426848707	0.37843679924286744	0.5
0.36663096994133915	0.5064767477778969	0.5
0.512678912571352	0.5373112319596287	0.5
0.4637001644821239	0.40531823398677047	0.5
0.43941230931743397	0.4709308884048883	0.5
0.4013595980811047	0.47170040761655385	0.5
0.4508363972848834	0.3992973533733293	0.5
0.4456108037393503	0.40751923481931335	0.5
0.39856519799994217	0.42998940383094825	0.5
0.45216357330500034	0.4733400221883576	0.5
0.4235574647344162	0.4592561898717351	0.5
0.49573138468656813	0.3431607515343717	0.5
0.44209378869134186	0.49599005247329486	0.5
0.47244159687531906	0.42251247053357344	0.5
0.4208046398849659	0.5074277200659769	0.5
0.4813037445651898	0.44330533634251845	0.5
0.4409718667003886	0.390936094289433	0.5
0.3907620945746485	0.43449402631498213	0.5
0.46509947486347214	0.43113624052873545	0.5
0.45887550485763534	0.4432835153450484	0.5
0.45014266581594714	0.41754270119085424	0.5
0.4308484016988624	0.454079759289964	0.5
0.3557555995761646	0.4744799079371109	0.5
0.48715304336466053	0.48652284353082464	0.5
0.4783856932515205	0.4064933514297402	0.5
0.43183795057152585	0.40596906665480836	0.5
0.4836932371986881	0.3822082184563465	0.5
0.4936904572154923	0.4205883331019874	0.5
0.5314273092146446	0.37194443583038184	0.5
0.4735296343183787	0.47526294909550704	0.5
0.4708061468420864	0.43914438670025724	0.5
0.41191352256818586	0.4975559789577697	0.5
0.45523980138010645	0.4016341228005332	0.5
0.44389171990811166	0.41802396680966647	0.5
0.43980346342101134	0.5023336636563696	0.5
0.45063284094796546	0.490661477930724	0.5
0.4521933984092993	0.40501616958438125	0.5
0.5156731677269476	0.4825996947571388	0.5
0.41525139888905716	0.4884165834672898	0.5
0.37836078589837346	0.4697017271858137	0.5
0.4607387767754283	0.4226808722341463	0.5
0.3954626289408129	0.4765702785494247	0.5
0.4787804924406785	0.44236338719608803	0.5
0.5426428955720042	0.4500006426714564	0.5
0.4882663251397229	0.44811983052447657	0.5
0.43529316772425475	0.439700972729257	0.5
0.46735041161434693	0.40007929849741714	0.5
0.39498327695820745	0.4848343135442416	0.5
0.5181913898392737	0.44268699511471776	0.5
0.4382729708674986	0.44351535317825297	0.5
0.545770095222199	0.4930715736814666	0.5
0.4824619426609546	0.3654304223736671	0.5
0.4343716621417448	0.35739737478780437	0.5
0.4821750109684839	0.4220199418565861	0.5
0.39947373893468935	0.40252298142095233	0.5
0.5179121230934103	0.4404373404800008	0.5
0.3953369064938402	0.45400027755914285	0.5
0.43192598584793335	0.499664894923312	0.5
0.44946501705369235	0.49622411473941136	0.5
0.4552039598591501	0.4426742785620289	0.5
0.41461069475121776	0.4159763348132893	0.5
0.45334161484816643	0.36296895621746594	0.5
0.3940001672702309	0.5015977931903262	0.5
0.43488290881014396	0.3716662597831723	0.5
0.3815424291349065	0.5177363251730605	0.5
0.36212961675006705	0.4865354089349374	0.5
0.41334434252736196	0.49770263800783954	0.5
0.5004427315195102	0.38236775936702905	0.5
0.4714575598773394	0.390928865148688	0.5
0.4329237600638226	0.5023863915884205	0.5
0.5075149690311107	0.4331249239460162	0.5
0.4693570109832512	0.4358156124548421	0.5
0.36607645276581874	0.4820114730191155	0.5
0.4020950433204158	0.38055230940931495	0.5
0.5013098206255459	0.47962847752101645	0.5
0.48123376548841784	0.3404013004251268	0.5
0.4350424118008976	0.522584767467324	0.5
0.4634965016807751	0.3681932174502729	0.5
0.5148941154623892	0.48367975535044855	0.5
0.4267542656990175	0.4706814145265198	0.5
0.42178815945704123	0.3545834482414804	0.5
0.44613580117342166	0.5318815908248061	0.5
0.45165543733740154	0.4248247530810725	0.5
0.42254564538099426	0.4255555140546887	0.5
0.407810050902113	0.5303780050446388	0.5
0.38910852402186963	0.43348525813156846	0.5
0.435715447112428	0.41714284576344585	0.5
0.46210563612051153	0.4067101060300842	0.5
0.4073672609848621	0.4765032705062383	0.5
0.45276485831784163	0.47826143416757716	0.5
0.46256281846854896	0.4529057016931286	0.5
0.4615594601455555	0.36865744226966113	0.5
0.43238328245888724	0.4710772021891681	0.5
0.4593413443025783	0.3836427340779172	0.5
0.4359750439330511	0.40931075663694205	0.5
0.4071985013327561	0.402160413554512	0.5
0.4794603063058673	0.3952017815127709	0.5
0.4821140073036442	0.4133173310194065	0.5
0.46087030340871166	0.4759676447825096	0.5
0.43839909726470966	0.4229319394720384	0.5
0.4440202290556099	0.40792351585041275	0.5
0.44043463735874033	0.37418427414218736	0.5
0.4314656465369345	0.4559886724204352	0.5
0.40830254611268324	0.4656592538498098	0.5
0.46464071108662774	0.36055226422734704	0.5
0.4625576609228224	0.4520368755817866	0.5
0.4220787859865807	0.4472816694298139	0.5
0.49036556160205264	0.49455853412396367	0.5
0.41563788311562727	0.5321044916319406	0.5
0.4006388636718707	0.48497041538132646	0.5
0.427842037156566	0.3511199086308638	0.5
0.3936155782173737	0.4794405331480788	0.5
0.47327432195224417	0.42189550803310677	0.5
0.43308710597722017	0.4704530491218669	0.5
0.43222803357156087	0.44095629287230365	0.5
0.4660913219531436	0.4536481845331826	0.5
0.5116030299143143	0.4564664797978127	0.5
0.4336641593878894	0.42189808920240435	0.5
0.5176243743695297	0.4083058606518508	0.5
0.47964369318937183	0.4045532538803617	0.5
0.4186011535382437	0.4799652538733625	0.5
0.48028604204535	0.5103426084828223	0.5
0.5018589409812642	0.48793479814672214	0.5
0.4718844244674405	0.4328745373668235	0.5
0.46582958325143886	0.5068023931771707	0.5
0.4168127498946944	0.4479529651654953	0.5
0.42058557339615044	0.026382214470203502	0.75
0.3600460691696055	0.23042713526648823	0.75
0.5678049863488543	0.13785077800211865	0.75
0.4531738206129071	0.1776420396166773	0.75
0.6068427145081123	0.22652100442171996	0.75
0.5114226136850824	0.13312733675643884	0.75
0.44885421839442363	0.24291303744812476	0.75
0.45956561827950276	0.22889517681809352	0.75
0.32692333008250796	0.05842407778074021	0.75
0.49224039201894976	0.28913557440092885	0.75
0.4643718678062791	0.2594860666274366	0.75
0.4263006822716883	0.1469804026578027	0.75
0.45971460177953044	0.25119026975591546	0.75
0.4357453254088889	0.2504557521293027	0.75
0.5754923830404978	0.14250655260701212	0.75
0.480194459825398	0.10332367302352674	0.75
0.47448074118000083	0.20358531343909259	0.75
0.39836105327603305	0.050662646809657486	0.75
0.6218779022384987	0.06058910833596598	0.75
0.587749843012616	0.2388384750025624	0.75
0.5332635555753789	0.20443904879966018	0.75
0.4100869264890771	0.2754485301982532	0.75
0.5542083322552651	0.11011427731381007	0.75
0.5066937578269726	0.23504143619705736	0.75
0.47292012495079344	0.13114260673728156	0.75
0.4469348381521167	0.1831113524428798	0.75
0.5661797671890206	0.22021063127862367	0.75
0.4657911743895413	0.19996833573485412	0.75
0.5580013147510494	0.27533994672366524	0.75
0.48363531256895226	0.1175047342904264	0.75
0.36051223693506873	0.09957748675639977	0.75
0.43873808846012	0.2572363484577264	0.75
0.5367705612120174	0.1607115870261261	0.75
0.5308815348229448	0.1778087944539098	0.75
0.5849686465954879	0.09210171019868596	0.75
0.5669775230085257	0.3100689720587492	0.75
0.5110958385529751	0.13749369292934455	0.75
0.5829797548410155	0.15889219069354815	0.75
0.415700453645321	0.25834951316055454	0.75
0.4937124719033293	0.12579830258761016	0.75
0.5234941083724276	0.22834449521585748	0.75
0.5484094739322047	0.1838209479656931	0.75
0.5045947537102758	0.20860186753049692	0.75
0.4828106928000378	0.2169699396277024	0.75
0.5436520390242201	0.13094113867128299	0.75
0.2911466828008116	0.006956638412165872	0.75
0.41281289686631895	0.09991041092221287	0.75
0.5103036617016886	0.2070894188372963	0.75
0.5265720045157497	0.18125105346150078	0.75
0.5374312262439667	0.26495763796100147	0.75
0.5543439949171134	0.21000774666906796	0.75
0.5947551717292474	0.24935454707857996	0.75
0.44816775013722654	0.0684869032895643	0.75
0.42803814185301564	0.2394018327543082	0.75
0.4022334563687426	0.2780257460092551	0.75
0.4677302786492218	0.18714158824161664	0.75
0.5093464079267269	0.19668195724175458	0.75
0.5110965160615414	0.07579295420190535	0.75
0.4408160621525182	0.20350037337313348	0.75
0.40759347667653206	0.29912588098498205	0.75
0.3910693889841752	0.0440473301633445	0.75
0.45664042819612916	0.15888329936373768	0.75
0.5158834367347355	0.15475872985058253	0.75
0.5033012336410854	0.1901226347879234	0.75
0.5953999719764431	0.10871758204098625	0.75
0.4830194838080535	0.24369351165476721	0.75
0.5223635526904045	0.1694566909436671	0.75
0.5204040224521779	0.1010241632229063	0.75
0.5401215868368743	0.09481462193614876	0.75
0.45319087175905465	0.13782773392800302	0.75
0.6136119809566366	0.1154684154836495	0.75
0.5099048437534124	0.14106516586469153	0.75
0.45022008578896167	0.14294662161404198	0.75
0.5423604026386668	0.23484163441112688	0.75
0.4736545628486127	0.046342434010898326	0.75
0.5761790029323207	0.18708404599679967	0.75
0.4497578287508982	0.2182020337948306	0.75
0.5187837726461597	0.1418514844810434	0.75
0.4454081858591811	0.07544855411272755	0.75
0.4887986660779598	0.10617322940015272	0.75
0.37967821613612823	0.22361369690912963	0.75
0.5005534703662632	0.14292599881885382	0.75
0.4776387736081195	0.08990849556615366	0.75
0.4881937814046595	0.07396916922525987	0.75
0.5384163737514518	0.09410223117449179	0.75
0.5540924991211637	0.1774769973926179	0.75
0.49051144710302846	0.2505025773825816	0.75
0.44528828221786204	0.10927224336295749	0.75
0.6448442527682072	0.16622016395813355	0.75
0.4964996678174947	0.26166640456045814	0.75
0.518104148854234	0.1346937965923149	0.75
0.4940806116447194	0.14367500364713537	0.75
0.5185437660814365	0.1963335249627069	0.75
0.5752190305709316	0.21115057958361183	0.75
0.38796856066836893	0.11428409010327767	0.75
0.48895196226042187	0.16600768300350965	0.75
0.6072589463107863	0.13573857538151113	0.75
0.5075356834291667	0.2132433271894965	0.75
0.525780451354816	0.22893595459392357	0.75
0.4982850664588453	0.1750684785211145	0.75
0.5613965295719341	0.24861870401514652	0.75
0.49413537835014976	0.26877954967944884	0.75
0.45840116905962086	0.09361743514373766	0.75
0.4590247650932544	0.13654048592842577	0.75
0.4517292754686726	0.2676704152956526	0.75
0.5022531972207198	0.21659368462211787	0.75
0.442098112788515	0.05844725154540975	0.75
0.517954798593957	0.2678104384893806	0.75
0.46799411473897295	0.25917805548531436	0.75
0.48400341507276795	0.18236141437189202	0.75
0.560536788695648	0.13590043322884082	0.75
0.5276550715030108	0.26329588650380215	0.75
0.4749586568009887	0.1582899220513937	0.75
0.5632712760729702	0.08110108010688855	0.75
0.5113928086315014	0.06307496105384747	0.75
0.5147541486201265	0.23636708920391974	0.75
0.4922125882437623	0.27871201853966693	0.75
0.47967252600259835	0.16659241082629822	0.75
0.517493141905008	0.18691472979831486	0.75
0.4814002559399628	0.11306358931169702	0.75
0.4556606231857653	0.12028358787481763	0.75
0.5012669924037534	0.15599467542800527	0.75
0.5248050746409021	0.1610937246097875	0.75
0.46124737250799125	0.16320491395379394	0.75
0.5033400746149378	0.3142224360323892	0.75
0.4751012966836303	0.1170331859542747	0.75
0.48969431942436825	0.1349855258835304	0.75
0.5184124783954366	0.13428191475611007	0.75
0.49712155005073616	0.05917805061702064	0.75
0.6048773304072868	0.1858929923808465	0.75
0.5060654395001698	0.15659018396925478	0.75
0.4199465179385005	0.16561218621295015	0.75
0.4826555161579285	0.10004437741159666	0.75
0.5341314932941292	0.1619191160579771	0.75
0.4732840801547159	0.2809149667057786	0.75
0.44867422618710384	0.18630638609912337	0.75
0.5274444360174781	0.24199489101803467	0.75
0.38785955642430336	0.1535595645937457	0.75
0.4358689402260957	0.11583926158624591	0.75
0.46229451145459743	0.19172888606817412	0.75
0.36434836466838816	0.32850557133209485	0.75
0.3535906195547319	0.13662561864807565	0.75
0.5525055821421805	0.0865646015256849	0.75
0.5332002576625386	0.0655255389088163	0.75
0.5993763706652958	0.2570908155098194	0.75
0.29815399341832965	0.032654475260614046	0.75
0.4731686269405378	0.08622122348245598	0.75
0.5082728445985748	0.28287067877418387	0.75
0.4578525630029251	0.20640842713224106	0.75
0.44069700465502254	0.2315797744318121	0.75
0.4934731406789661	0.1495857023895411	0.75
0.4755250118026554	0.18822209689405972	0.75
0.4897874326981806	0.23832142208548796	0.75
0.39068969148583166	0.06347979723922481	0.75
0.6401786358238667	0.10480770940125161	0.75
0.38075754689793356	0.17748516909383688	0.75
0.49647221788079415	0.24710761649463592	0.75
0.5137237943657841	0.1263232914789924	0.75
0.48130211456427324	0.1716813689706378	0.75
0.4120113296133985	0.1612996356623741	0.75
0.4211660177599426	0.184378289965615	0.75
0.4731715494760251	0.25846186084071376	0.75
0.5103516756418649	0.055830330417316776	0.75
0.3594190366660546	0.0021747508355847156	0.75
0.49992499308031374	0.2627756449730065	0.75
0.47457062034559583	0.1595688265787008	0.75
0.5202346891701146	0.08436399906317749	0.75
0.5341536251976227	0.22155122059108062	0.75
0.5429512704772798	0.2677408931865691	0.75
0.5849521225109285	0.29970475363546656	0.75
0.4979304744213321	0.1365523797274067	0.75
0.4064142273000496	0.1126308840758935	0.75
0.6130838474489118	0.14384447908229342	0.75
0.5470504699304723	0.201919720858305	0.75
0.5598754867278019	0.15951519410002285	0.75
0.43626607524902955	0.22364796973068118	0.75
0.45350043187491557	0.22269244094400314	0.75
0.4742676666072657	0.17874355913450102	0.75
0.5211744513475409	0.0646949615166077	0.75
0.49381285056247276	0.29427968084854994	0.75
0.47796068657753593	0.10672717617655281	0.75
0.5175330873168289	0.07802626008103941	0.75
0.49372170084424555	0.15335931073301456	0.75
0.49224241103772176	0.18818762371447	0.75
0.5028231179606083	0.22609344835749856	0.75
0.39958111012183084	0.03459580773819404	0.75
0.5430887270100996	0.12370159727134017	0.75
0.4639869619316121	0.16135255595014947	0.75
0.5239283922931508	0.26535338395750047	0.75
0.5270129901938206	0.28754805597749233	0.75
0.4180011125709737	0.1718738643186648	0.75
0.4724674331893319	0.21876296105076093	0.75
0.4444108767763947	0.21971981126683165	0.75
0.469492554770822	0.26700212102436116	0.75
0.47266458106618325	0.15217090358147095	0.75
0.46620311801231745	0.23882912001305384	0.75
0.44867914286770094	0.15799507185398565	0.75
0.4624810335182801	0.13020651783439835	0.75
0.3618305957898767	0.0	0.75
0.5020037861825561	0.08468647251469819	0.75
0.42814359559725107	0.08186583912624446	0.75
0.35917547851780707	0.10987715359257455	0.75
0.4504636021175657	0.19227501381177825	0.75
0.3999974663680147	0.11106635268855714	0.75
0.6053244204918532	0.23649761709200934	0.75
0.508345339659189	0.10438347964339145	0.75
0.5310763888838264	0.2838734754221197	0.75
0.4737364599681363	0.100179597782597	0.75
0.522901679099295	0.21993621987058576	0.75
0.5366882407626985	0.1353658884441778	0.75
0.42098586032138785	0.09193385836299428	0.75
0.5248601259771042	0.18371073791360404	0.75
0.49550311447098006	0.1995652813748039	0.75
0.4420737884097822	0.19773792571487575	0.75
0.42799710070598895	0.06828611084635683	0.75
0.5242915784357395	0.22654302730772696	0.75
0.3710734345837816	0.12145055880181665	0.75
0.47739437035426935	0.16583678552390452	0.75
0.5096915372563123	0.23544194106043215	0.75
0.49605634155255945	0.1874388318406645	0.75
0.4104129237474064	0.022426285753570085	0.75
0.34537521885846273	0.1123019169930638	0.75
0.515473068295013	0.19777891924026803	0.75
0.39478910520930627	0.07092540062667807	0.75
0.6502199036937317	0.21734284507313362	0.75
0.5382459076547867	0.19485414988657135	0.75
0.4739923433105429	0.2062936682939805	0.75
0.4620311093999436	0.17142052948404385	0.75
0.5076980033484586	0.1945260444217502	0.75
0.520305476924068	0.1764578224455366	0.75
0.5288554440423029	0.18926603752456955	0.75
0.5174383679519882	0.24194702729521705	0.75
0.31852920850143357	0.06933280745400361	0.75
0.45907507389099306	0.15030933570972427	0.75
0.5683812768534925	0.20414784907444694	0.75
0.4734023689100367	0.12891055786432698	0.75
0.4731701827587735	0.08105132608024179	0.75
0.5211469302352895	0.2775798290024496	0.75
0.4256183543226519	0.1878545983611914	0.75
0.5226313006830251	0.08873849712421589	0.75
0.5584907084959937	0.15677464766891086	0.75
0.4564864666932704	0.19086837452011696	0.75
0.4526039295298842	0.2225075418977111	0.75
0.5531307790112231	0.16490920213879712	0.75
0.498085902318462	0.19798825725603947	0.75
0.4514119046100591	0.30683998669083806	0.75
0.42733084188447473	0.20058423673848047	0.75
0.3972998432724198	0.15358586494444	0.75
0.4191601202497417	0.22880730301857133	0.75
0.4838688749906911	0.09587177927637303	0.75
0.4595740704148074	0.06277608217368635	0.75
0.5269939249671707	0.263104329257992	0.75
0.4282796416522268	0.20522956676987242	0.75
0.3801477697196157	0.23589749539657606	0.75
0.49911384909691503	0.2216729467923147	0.75
0.4571313784601985	0.2068358420852821	0.75
0.4961342999483762	0.057537195043639966	0.75
0.5474651791503247	0.20962383143249547	0.75
0.4227117430722459	0.19425915113998615	0.75
0.5153944543125193	0.14967191206699676	0.75
0.48764406159608403	0.18132487943281772	0.75
0.47932175168371816	0.16693328913277683	0.75
0.5085959627799139	0.15409805264280446	0.75
0.3622889070805512	0.12531945893612778	0.75
0.36036401460888395	0.10107000753055573	0.75
0.5142983530947831	0.27176343683001986	0.75
0.5558799888768571	0.19150882457501733	0.75
0.4985342420485292	0.1918498610273512	0.75
0.429989542234255	0.23802928762117098	0.75
0.49365250743494077	0.23722987897020847	0.75
0.51163739163842	0.191564423775677	0.75
0.4399653886796082	0.27404072174318306	0.75
0.5296740683857449	0.14566486807866674	0.75
0.5331069688464496	0.257381591215079	0.75
0.5481636240428964	0.15697488595964149	0.75
0.44111510790332964	0.2425072862023827	0.75
0.47178636689398706	0.2606211150015729	0.75
0.4688321988160996	0.10195081040425646	0.75
0.5251188185041464	0.238685057103509	0.75
0.48539131466767543	0.12911153773111705	0.75
0.595077751958596	0.24929460320474528	0.75
0.37965058106022126	0.12109598646841019	0.75
0.5698966445230041	0.24465176102735797	0.75
0.4540552226440061	0.2712559414038917	0.75
0.504646580861174	0.06986641057531029	0.75
0.47185040672670664	0.2262072994312886	0.75
0.46028787806312876	0.14835538605482212	0.75
0.4156672499599255	0.23032629896871076	0.75
0.5562606333958703	0.1678764702871221	0.75
0.24410029503118522	0.04413067174857355	0.75
0.5577317007942814	0.19100138139510425	0.75
0.539837011566009	0.14565229901970977	0.75
0.5450310077351632	0.28891538002125394	0.75
0.4922942610741124	0.20580505789490683	0.75
0.46595187361823803	0.12226623605692566	0.75
0.5439209046760136	0.1893816944291678	0.75
0.5472325535805693	0.1846989799788631	0.75
0.51071760757991	0.19368989180123924	0.75
0.5283603517593314	0.10718305740031397	0.75
0.43984772962479407	0.10535313038803107	0.75
0.47261704633407603	0.2064538372293127	0.75
0.4860703225252022	0.09053281318859085	0.75
0.613023104383829	0.18417844066508476	0.75
0.466439397418505	0.23322707597685366	0.75
0.4795039459803254	0.23721368574334428	0.75
0.5052176124417845	0.298317189324456	0.75
0.4797115842723547	0.18565975483621094	0.75
0.4526961570171025	0.1586995645192626	0.75
0.45327766109235323	0.12298499853602729	0.75
0.42515479727912464	0.20972613899433545	0.75
0.4717715891539705	0.10633624672000141	0.75
0.464004308645466	0.08300959977840083	0.75
0.5866891012806562	0.16982750073593	0.75
0.4886078786056894	0.18477697164104817	0.75
0.5397845723700836	0.26565774662024644	0.75
0.45848096215057443	0.07096014524135785	0.75
0.4605007452602264	0.21503452896287667	0.75
0.5260830862191619	0.3151255991261716	0.75
0.4657489578784327	0.08178959316450263	0.75
0.5670300877636363	0.13276412560729622	0.75
0.40244076044343874	0.06855233657596516	0.75
0.559338701616766	0.18768004371466773	0.75
0.41648654591673095	0.16382081197884651	0.75
0.44706138091630404	0.20677209865076474	0.75
0.36897204623923385	0.15425661998341283	0.75
0.5489625562860233	0.2736986965736627	0.75
0.4913682032056939	0.22176651431452465	0.75
0.5381639577443863	0.27803189164713465	0.75
0.4492876886227388	0.15123684540719973	0.75
0.5182639658856257	0.22675758458880113	0.75
0.48434340921182467	0.20789646306201587	0.75
0.5695759707762599	0.13353353354915437	0.75
0.5658728032566533	0.13554634595136106	0.75
0.46373725234635155	0.1996426004003533	0.75
0.46664834834607244	0.09953155251003276	0.75
0.5736951930911945	0.2373436645014716	0.75
0.4756517515960243	0.2449179876483829	0.75
0.6775554945463492	0.142591964576823	0.75
0.47520387594984814	0.256963110917229	0.75
0.5248597893361217	0.17822841149669844	0.75
0.56256166348354	0.1986035072996053	0.75
0.4470993338634235	0.18247180560422577	0.75
0.5812879214603789	0.2004518174103842	0.75
0.49467431744806034	0.13423366157527772	0.75
0.5078538512622706	0.2860062502639347	0.75
0.5595672804897371	0.1281952045802761	0.75
0.5864600365393203	0.21979788809521372	0.75
0.4524785154470886	0.23609090126416166	0.75
0.44812923006182603	0.18948417049529576	0.75
0.4780154824052602	0.22598869291364998	0.75
0.45347232053643405	0.21079281899728958	0.75
0.47807800765783265	0.24942799122350984	0.75
0.5098010790277419	0.10690447176506346	0.75
0.34991426530291797	0.058780300559628795	0.75
0.5175788983216119	0.1440736475612137	0.75
0.5664240395188225	0.11514762504775355	0.75
0.4324297520401186	0.10548813613212504	0.75
0.4697284922585772	0.19562798788652908	0.75
0.48563081123803853	0.235958355362422	0.75
0.5868150396750653	0.1712441730756864	0.75
0.45401634603668783	0.1278833155099528	0.75
0.499307397396793	0.19400572574351693	0.75
0.5105750596060731	0.26570714676536367	0.75
0.5385035658447631	0.11898467392328849	0.75
0.5438948629642719	0.17099072850488128	0.75
0.5953724539315915	0.15554528939335244	0.75
0.46826899918357134	0.1466220177854744	0.75
0.41659303406059267	0.24129345582161071	0.75
0.4692739350847756	0.09184742555396708	0.75
0.40860447485603296	0.10912047386234625	0.75
0.4862972175764854	0.20201989923071073	0.75
0.5575372659908053	0.14890183973625448	0.75
0.5109242056805952	0.1437868189761774	0.75
0.4636401145266121	0.17978334902043053	0.75
0.47662067811027187	0.1988226456396311	0.75
0.4978150372154136	0.24366746953385787	0.75
0.38572302248637114	0.2242545624212824	0.75
0.5038714084203586	0.22554158002503283	0.75
0.538463232884924	0.11735921452349396	0.75
0.6191778760033667	0.07531116900028834	0.75
0.4522818411885581	0.19523605898445817	0.75
0.4379397688912482	0.0436969543577036	0.75
0.5626497505000239	0.13238806045339746	0.75
0.3996249875213686	0.15732239209756083	0.75
0.5051615546750081	0.21326665487536078	0.75
0.5109094798533246	0.13786121817732455	0.75
0.496964626715341	0.19091408077852007	0.75
0.5775968540567277	0.14820603191112192	0.75
0.402752717580769	0.12367270451119328	0.75
0.42418322046697116	0.22203634687850826	0.75
0.48535018962598786	0.07933918099963821	0.75
0.4917849387713262	0.08993945295684236	0.75
0.4644112449818082	0.20950127620040343	0.75
0.46318711785819633	0.2663830229752813	0.75
0.40951933752157565	0.26220204956680965	0.75
0.4660469698741696	0.23784296004361855	0.75
0.34378931345246866	0.07149578129602074	0.75
0.4344212820986909	0.1396848511832839	0.75
0.36423055420788886	0.0637904412244763	0.75
0.549645280732924	0.15584747741568955	0.75
0.47749042576915113	0.19065190093372236	0.75
0.49166910290716304	0.09207604957656634	0.75
0.4995605236466512	0.2441428690510079	0.75
0.5774827508675544	0.22324418120711215	0.75
0.38524740965606563	0.06222163877706477	0.75
0.6541607282690698	0.14716683947463183	0.75
0.38521266019611383	0.05127720953745396	0.75
0.4175119756398294	0.16271257661754762	0.75
0.5021927449106895	0.1948000781022411	0.75
0.5640032071229227	0.1315154919839709	0.75
0.49683804629598466	0.15027025257093962	0.75
0.47922222904839096	0.17750976277549435	0.75
0.5481387305920477	0.21529580537745685	0.75
0.5076349763252026	0.18028627525658136	0.75
0.5153710876387496	0.1860448973125436	0.75
0.44047862695382967	0.13165294771753167	0.75
0.5039245381630404	0.10236604332524979	0.75
0.5616829067702551	0.12110123615602741	0.75
0.5200573668725846	0.10151997273731805	0.75
0.540369578527302	0.2037251036788017	0.75
0.5565766498845528	0.12676000205393378	0.75
0.636180285370838	0.04908003573454678	0.75
0.46874419279240087	0.10331244092647318	0.75
0.5514090578766278	0.16737841770599488	0.75
0.5281790616154565	0.2392841088064077	0.75
0.5779328910954379	0.24598113372320662	0.75
0.4320449741836677	0.187975055435333	0.75
0.5034478291341568	0.2733225342210656	0.75
0.48496872095668175	0.25874938389755026	0.75
0.5050428606360264	0.29458025290493695	0.75
0.42984571640087227	0.1198736043640155	0.75
0.4421618343974255	0.19420774507533572	0.75
0.5161733134411157	0.2681507824076548	0.75
0.5316286967580329	0.1874429045677774	0.75
0.4586122796739715	0.23757223949967982	0.75
0.4919444147370083	0.20582473915938876	0.75
0.4262478419597872	0.209941558562397	0.75
0.49190226069169013	0.12145135801384283	0.75
0.45603865343976735	0.2725288598990647	0.75
0.5293194593046666	0.17045529495058026	0.75
0.4784241408136897	0.29258535544175424	0.75
0.5476866470661035	0.17727793321397894	0.75
0.4723159830862704	0.1425006688737815	0.75
0.5141271726447563	0.1255759657032839	0.75
0.4581244995746986	0.12804513572468446	0.75
0.3116289691550526	0.011158950788372701	0.75
0.49272122231589227	0.2792977061977708	0.75
0.42507713941820524	0.24279618606672493	0.75
0.495744958637864	0.20473760117902007	0.75
0.5219930325092734	0.09592029929734713	0.75
0.421356429515733	0.2226061658604685	0.75
0.5071282201239609	0.29774822982315174	0.75
0.5041933891691434	0.18245381092842622	0.75
0.4766086092559581	0.23191949964899322	0.75
0.4810032772128472	0.21870021916496574	0.75
0.5667344457551887	0.16399122020451873	0.75
0.4356345671857618	0.07833637589236342	0.75
0.43101336912927835	0.1367133660334725	0.75
0.41624989753140207	0.2052009687084707	0.75
0.410576711013789	0.06147604989245126	0.75
0.5339735606833131	0.23959195900191038	0.75
0.5623609071456321	0.1448210247241461	0.75
0.5884061153754514	0.1897694126314886	0.75
0.4760819484792474	0.09313816734330982	0.75
0.5183316832370242	0.17457332853709667	0.75
0.4859468889780604	0.10889368919086362	0.75
0.48064213794288596	0.22327086523611067	0.75
0.4480877420942562	0.21430051487992352	0.75
0.4550165131977711	0.2603919134240039	0.75
0.4360008389900651	0.2067468525832028	0.75
0.5427144572192643	0.15048548095900166	0.75
0.46396493552590157	0.16362278190569585	0.75
0.5345561601072947	0.25216911276177834	0.75
0.416780262624389	0.13936524660239935	0.75
0.43273385165771877	0.0764400642210209	0.75
0.4443905440981415	0.2484535515438664	0.75
0.4820867575856001	0.18260666071962217	0.75
0.494739261908663	0.04350171837922312	0.75
0.4549515647660199	0.2465723966145451	0.75
0.49601833804420037	0.1982878763510208	0.75
0.46407952733521723	0.11618664804325096	0.75
0.48516935647493326	0.09661741840979288	0.75
0.3671819271564195	0.3137659886251314	0.75
0.3036057589408675	0.01148594814259829	0.75
0.4462623319159898	0.21912886367409645	0.75
0.47209080420819727	0.07781480752754522	0.75
0.6074627322107905	0.12071022109709428	0.75
0.4992868106515789	0.2696446636232453	0.75
0.47877692259436855	0.27131772687612954	0.75
0.4392368957139768	0.147583729865775	0.75
0.4416371761765883	0.18149939967827006	0.75
0.4139022586411436	0.20067871920033276	0.75
0.40754993699996	0.268221954787961	0.75
0.5156057249644684	0.21907015226645937	0.75
0.5003207385072358	0.1533863718792018	0.75
0.4517017776312511	0.2875831281962668	0.75
0.4955854715634443	0.19374937051843222	0.75
0.37473606920767966	0.04239648834446719	0.75
0.62558116754261	0.09575354611468767	0.75
0.5667117526967484	0.2273948953515969	0.75
0.596620804479897	0.5638111117202269	1.0
0.6007213320423046	0.5964972498774688	1.0
0.6004057565449021	0.6743858531241853	1.0
0.5954104694232444	0.9233021668014065	1.0
0.5930910352553518	0.6533778558010316	1.0
0.5516821750801629	0.6266481980869208	1.0
0.5458640307972856	0.6170452642396126	1.0
0.5199194019131091	0.6558681115687097	1.0
0.5595286437193981	0.6918601507538105	1.0
0.5685557983637706	0.862414230145621	1.0
0.5584972361057897	0.7465131203737352	1.0
0.5705026311512909	0.6742025156728464	1.0
0.6113476551249758	0.616346308230161	1.0
0.6446421827535677	0.535576864255512	1.0
0.5875487168655047	0.5746404417305464	1.0
0.5743433122261251	0.5577840312369171	1.0
0.6304515914291035	0.516652565170386	1.0
0.5651304476482697	0.5706814992636501	1.0
0.6163673640437278	0.6820258559129355	1.0
0.6184394535905191	0.5336658412589339	1.0
0.5796777285353115	0.6010556208701685	1.0
0.6573090410288351	0.6416801386123197	1.0
0.5122807318966563	0.6216900040665089	1.0
0.59453112556772	0.5780258415987016	1.0
0.5951405602105847	0.8906757440337398	1.0
0.5334095798619225	0.6295661860303918	1.0
0.5829312907984384	0.5087923799501257	1.0
0.5775495308521925	0.6672472854503031	1.0
0.5659433750468091	0.5703715648098893	1.0
0.5738367279033391	0.5753660303317322	1.0
0.5580194833159632	0.9753862736399026	1.0
0.5418074232091998	0.5320315420184178	1.0
0.6411427354696916	0.7781605558351539	1.0
0.534228440796131	0.6789436883026663	1.0
0.49093365311531706	0.7065109534327101	1.0
0.5860515530192908	0.6636485536328467	1.0
0.572458337441192	0.5910879437931474	1.0
0.5591781625651076	0.598119190747388	1.0
0.6272472728890125	0.6074471350349282	1.0
0.6411403365262875	0.6903793663824158	1.0
0.6263623555068609	0.5519184706596918	1.0
0.5217029645670331	0.6771364580939765	1.0
0.5767572288077099	0.7417032791699588	1.0
0.5239163039502394	0.6201509268212013	1.0
0.5277332374729706	0.6177096064055085	1.0
0.5722975118268094	0.6404435576813854	1.0
0.580569345471393	0.5725868266465132	1.0
0.5845551837478661	0.54466877355129	1.0
0.5628661419418977	0.9564091158807113	1.0
0.6651862398563865	0.5137117489369947	1.0
0.5900025821500663	0.9083540855625529	1.0
0.5040938771768726	0.9186825458158169	1.0
0.6920938602165497	0.5490729173381682	1.0
0.4528379124629318	0.6170874349376502	1.0
0.49792048935915045	0.5366452682021008	1.0
0.49215671546606093	0.5994355486369891	1.0
0.5245291322913348	0.5772698959682717	1.0
0.48622206870959417	0.5639994250258239	1.0
0.5740780252321933	0.5689328980556775	1.0
0.4604109066130789	0.7801596561405022	1.0
0.47823879278422127	0.9763411878726873	1.0
0.5932800072419928	0.636334791119773	1.0
0.6112725846264866	0.5098535787932493	1.0
0.6397483205643336	0.7914324757197957	1.0
0.5615470110399329	0.5904694023939469	1.0
0.5688893786667402	0.6291505847712768	1.0
0.5604319724215316	0.6174885077904042	1.0
0.5521192209977919	0.5705363736819223	1.0
0.5913867386032192	0.6503452249278833	1.0
0.6755955412165073	0.5285427046883335	1.0
0.5810506059671455	0.6034729017967283	1.0
0.5109667472093892	0.5476566340923135	1.0
0.5864475929821739	0.5777663305626701	1.0
0.7109336414186865	0.5134910572656917	1.0
0.5190896889380613	0.6401749583103776	1.0
0.6074246606826526	0.5627724576992825	1.0
0.5626050719751929	0.6181788308210378	1.0
0.6448358272493382	0.5260419268162796	1.0
0.5305267990587551	0.5348122312867584	1.0
0.6018803392787597	0.6630705908518989	1.0
0.6092777418963664	0.7158905057957073	1.0
0.5868828639624076	0.6649332029238998	1.0
0.45922335413363224	0.6816786621476206	1.0
0.5859508255731378	0.653762989444896	1.0
0.5857858771217037	0.6075447786312027	1.0
0.6516557218723797	0.5728769767932936	1.0
0.5944797684366534	0.6200909686635215	1.0
0.5411470866001882	0.8097449848706786	1.0
0.5234093277045525	0.593408389639527	1.0
0.6596417046309131	0.6374527475396482	1.0
0.5965906599189384	0.6868050327996676	1.0
0.5370580023761066	0.568384547725382	1.0
0.5256282840959575	0.7537460988277375	1.0
0.6183720099696579	0.8632902397118832	1.0
0.5765643860917824	0.6437518329231908	1.0
0.6254176722673587	0.527178110214036	1.0
0.5694105447706046	0.776289986563958	1.0
0.6442298695836886	0.6829853313858208	1.0
0.5912561917461302	0.5999731016104018	1.0
0.544171092752238	0.5833708923442377	1.0
0.70840989111831	0.7336072024514126	1.0
0.4438631078330193	0.693422845718976	1.0
0.5526910693387417	0.7499441875835515	1.0
0.43179127092481506	0.5503960644209155	1.0
0.575846995582637	0.6057470972142616	1.0
0.5850920036349088	0.6121127102743708	1.0
0.6352835567681767	0.6184486442092285	1.0
0.6041758564208302	0.7199624645573434	1.0
0.5147805296282224	0.7365198232431638	1.0
0.5235556406770168	0.7022244575904256	1.0
0.6085722671602253	0.8001336134250963	1.0
0.6448359817007862	0.677622809497663	1.0
0.6004725506042379	0.546184500447961	1.0
0.6302117056092587	0.6981058950483385	1.0
0.5312988021411124	0.6644572276143829	1.0
0.5666816936603	0.866211094337275	1.0
0.49734637311573493	0.549568916598174	1.0
0.7692283700251691	0.688096391719142	1.0
0.5440745304517858	0.6087402846560309	1.0
0.5827982576552314	0.5395426387919346	1.0
0.5823331870393621	0.833107664673554	1.0
0.5341154272546804	0.7056686914175372	1.0
0.5472147469794112	0.5099752860122163	1.0
0.5308096489710272	0.8205574209622869	1.0
0.5525188302422988	0.6293586732845539	1.0
0.6532297809405755	0.5928967162968894	1.0
0.5717051924146159	0.8137370002947252	1.0
0.5291284538508667	0.5237044804464354	1.0
0.5329060281824423	0.7236183485419782	1.0
0.47730220952738817	0.9681685639496451	1.0
0.5119213573602697	0.6827838637925778	1.0
0.6094811695645607	0.7820556267622443	1.0
0.6074670219520185	0.5651752033930796	1.0
0.5004852267619689	0.5508558914423909	1.0
0.6431396100754844	0.539915656060609	1.0
0.5226628689594001	0.6659474858079034	1.0
0.5956618651990836	0.5917812377872904	1.0
0.6269428057504254	0.5395765875934873	1.0
0.5031822257266991	0.5757808264687778	1.0
0.6081847392707472	0.6517011040634747	1.0
0.5767149446591477	0.5509738707984865	1.0
0.4618562810687246	0.7253766297795254	1.0
0.5549503840020288	0.5711811730873791	1.0
0.5142971512582075	0.5595583511812319	1.0
0.5489410387853373	0.6065363144559811	1.0
0.611806147068914	0.5219478151188293	1.0
0.5644042387689977	0.731765366399357	1.0
0.5896456641690438	0.56772997623269	1.0
0.5464592855913538	0.5499795256446093	1.0
0.6152963929591065	0.6243954637909185	1.0
0.6318489185370583	0.5346716680093195	1.0
0.5286735158489059	0.5942323726053127	1.0
0.5676808108286848	0.5657553577612481	1.0
0.6990024580501106	0.5374826644985673	1.0
0.5804822570644848	0.6150149830986724	1.0
0.6346715226925663	0.5680575906040208	1.0
0.5248072873447153	0.7062363532104138	1.0
0.5223380197927086	0.8116377684331288	1.0
0.5993451815043587	0.8587999804212314	1.0
0.6063601279869334	0.6416277858366313	1.0
0.5788692938031975	0.8075821407406203	1.0
0.685612711609212	0.6077602061110186	1.0
0.6071082567222594	0.5947974805558955	1.0
0.5872934028328434	0.6791772506764017	1.0
0.6504148088219517	0.6844166089237963	1.0
0.5114758638913341	0.9663870186063657	1.0
0.5594227418569667	0.5812098462916729	1.0
0.5652079378782137	0.8797302051545726	1.0
0.5450772536875168	0.7219140439476296	1.0
0.6169711615776906	0.8985905031906914	1.0
0.7281952802509061	0.5144862084754371	1.0
0.5382541943943538	0.6453544192783658	1.0
0.6621548959737792	0.6393966202691302	1.0
0.6647706014445353	0.542439953238677	1.0
0.5653106172160881	0.6823490460703299	1.0
0.4615339377497075	0.9575133716730506	1.0
0.5124478307719865	0.6408996336447462	1.0
0.5053695301596212	0.9855273250395311	1.0
0.4876439720888643	0.7985818980071768	1.0
0.5029552517173357	0.5961400396562135	1.0
0.6631041234665527	0.5528515205345268	1.0
0.5325436039260514	0.5927464345616734	1.0
0.5409205572568216	0.92817406974735	1.0
0.605445189827586	0.6123395876303923	1.0
0.5120208261993769	0.6398823131273267	1.0
0.6339711590207155	0.8512101063888309	1.0
0.49137319022577985	0.6024267697666538	1.0
0.5834315705155659	0.6939001637279912	1.0
0.6438422354127868	0.5395263664898298	1.0
0.4870908183063104	0.6639184032985406	1.0
0.5258679265603692	0.6417169567019507	1.0
0.5302697088529224	0.689264230705326	1.0
0.5971622012970228	0.5497888760413961	1.0
0.6184062372458213	0.958553996889833	1.0
0.525851155456053	0.5962751337427503	1.0
0.4933658890567884	0.8684194135681531	1.0
0.49769559205970293	0.7347473314149219	1.0
0.5788344361274246	0.6210459943775125	1.0
0.5717851049931867	0.7360391097314063	1.0
0.5800471409530323	0.6217896812627641	1.0
0.4663397578851027	0.5916432951382157	1.0
0.5195678560803678	0.6596207111914295	1.0
0.5143634796323421	0.6092902893322752	1.0
0.58254692448195	0.5829037467271501	1.0
0.6245886065575048	0.7137754926601585	1.0
0.5788664976820429	0.6921930443814679	1.0
0.4674142462730193	0.7835438345091175	1.0
0.5471976475178187	0.5708087418826825	1.0
0.569825661444164	0.5063557073157954	1.0
0.5453503885934002	0.6892715181130997	1.0
0.4617963193217292	0.6815890933596066	1.0
0.6380608272442818	0.6417545722606236	1.0
0.5545787558251859	0.6031641528282525	1.0
0.44474238448940845	0.9602500549852993	1.0
0.6607659198230901	0.6154536922764821	1.0
0.5846467201982053	0.5496478392695682	1.0
0.5529060411487098	0.7037991637479106	1.0
0.6201306110203858	0.5750672897100328	1.0
0.45192894956363333	0.7527197662520811	1.0
0.5909113586242878	0.5234169463682208	1.0
0.6261433225676156	0.512182801813478	1.0
0.5408787257117083	0.6148106963178783	1.0
0.5281289991067024	0.6402006043373489	1.0
0.6039625252644854	0.595848029458413	1.0
0.6243644572811536	0.6079169104918496	1.0
0.5540119002279739	0.5202266423996216	1.0
0.5271452962301845	0.5971015340003656	1.0
0.5046622122317135	0.7816373012025668	1.0
0.5623311912751682	0.9698687085919826	1.0
0.5463329831052642	0.8766986479531551	1.0
0.542672617365981	0.5997235118007161	1.0
0.5840225649121733	0.5790918083485945	1.0
0.5720822397837292	0.5790055388982304	1.0
0.6063630456424582	0.5568170270897059	1.0
0.5393226651707798	0.8163534370750583	1.0
0.5732836308874107	0.5901076125133679	1.0
0.5902399947613192	0.6526267208678231	1.0
0.5443458053070693	0.8441588866031781	1.0
0.5800210833997841	0.5491432002214005	1.0
0.4667361818421143	0.7012512860095116	1.0
0.5560643203381588	0.5100294941756498	1.0
0.6076862903197998	0.5900624467481332	1.0
0.6339953977904316	0.5660680587166141	1.0
0.5598593340096741	0.595116247308884	1.0
0.5695752488171449	0.5830829606993166	1.0
0.5762918513478114	0.6117028709571135	1.0
0.5642489668504359	0.7169552936330343	1.0
0.5713513414020777	0.5512178989796332	1.0
0.5238621854699791	0.6580804025448466	1.0
0.5728364269187378	0.8852314006709421	1.0
0.4959386854594219	0.8715899314861597	1.0
0.5436016840310024	0.9371868804034006	1.0
0.6126633899055088	0.786841351052491	1.0
0.543435837120369	0.612760764529678	1.0
0.5136969217450853	0.5678590103368759	1.0
0.5059825813798077	0.9836497745712196	1.0
0.5892199259948441	0.649707796175995	1.0
0.5376292921520892	0.5535116903556648	1.0
0.5210358573047252	0.630355899320244	1.0
0.5309641082497193	0.6130532159181303	1.0
0.6857918843255509	0.569093754280937	1.0
0.5911947947396086	0.8144650199566184	1.0
0.5967128918629042	0.5893450045522911	1.0
0.6120980482996504	0.7385253195400501	1.0
0.5121063052982121	0.8938175591983304	1.0
0.5628093003023652	0.572386189681118	1.0
0.555978538422418	0.6257257237270148	1.0
0.6088361728036755	0.9134263621818379	1.0
0.6070850383338139	0.6553956178032453	1.0
0.5872194967943983	0.721281614493098	1.0
0.5018679701773484	0.7972883152715793	1.0
0.5154005604427081	0.4644506814151913	1.0
0.6357127162491241	0.555419447339467	1.0
0.6730875208480515	0.5580536405315202	1.0
0.5746440293397026	0.6370830398356063	1.0
0.6283328933992385	0.6179526089402708	1.0
0.6318553134234293	0.5043661376831777	1.0
0.5812965119949636	0.6460476091604805	1.0
0.6282582349308469	0.8852715641140053	1.0
0.5781940387837309	0.5909057081126147	1.0
0.5628779137897515	0.5971364417911821	1.0
0.6338963866836292	0.5768354754869454	1.0
0.55167010082638	0.7700593934307685	1.0
0.5772070581934081	0.6663194941062908	1.0
0.6726837010462032	0.5585077550996311	1.0
0.47219398566510246	0.5723772999633541	1.0
0.5681553919485868	0.5603776291839319	1.0
0.5964171218860337	0.7272793141474906	1.0
0.5300197516783329	0.6186329962895716	1.0
0.524562170539015	0.6269593309017137	1.0
0.5814545017049055	0.5845602461060764	1.0
0.5709362094849801	0.6049632215734921	1.0
0.5985308894892213	0.6035142462835513	1.0
0.5813146490106177	0.6338101450100957	1.0
0.640287067596032	0.6101618527573812	1.0
0.6038491682350745	0.6211531813414032	1.0
0.5236873569108644	0.6571399728109757	1.0
0.6599139299451028	0.6984780457749024	1.0
0.5418214834548318	0.5923581030529468	1.0
0.5543689848065948	0.6252489159518251	1.0
0.534261797588279	0.5722086431787189	1.0
0.6367383899692923	0.9535734958870968	1.0
0.5266961430626832	0.5856248108126553	1.0
0.6352329699802625	0.6513633722754083	1.0
0.5977662614408477	0.5341654489386123	1.0
0.5738112794815965	0.5787139488111248	1.0
0.6413052335405405	0.5470964885125098	1.0
0.5507806483458422	0.9151913445964377	1.0
0.5453614566349267	0.6580999393620282	1.0
0.6074222141882061	0.6703542553272491	1.0
0.6058475397542368	0.587521928969415	1.0
0.5170348341687975	0.854394563166636	1.0
0.5680623241479917	0.5670804503121405	1.0
0.4537369297873998	0.6600062092653919	1.0
0.5811091441531672	0.5517817998600795	1.0
0.6077172088577669	0.6376160832783148	1.0
0.5166266799243532	0.5904690120777456	1.0
0.610939449617796	0.5783826052022973	1.0
0.5942506362065739	0.6364615975487358	1.0
0.6676293006935539	0.5756540792523991	1.0
0.5130854707602328	0.7047588167053738	1.0
0.4758463160907386	0.626198260475998	1.0
0.5261905090220322	0.572601357955585	1.0
0.5693534255416168	0.9405880044058512	1.0
0.5871021960429267	0.5804395070840267	1.0
0.649307956007436	0.9044543667342817	1.0
0.6324342253077433	0.8743273856758592	1.0
0.5811454939534715	0.5703031220954397	1.0
0.6089273489995413	0.5773946531927951	1.0
0.6346015425092907	0.5043484529485887	1.0
0.5013173214845892	0.9490715364931634	1.0
0.5950585692813499	0.5427720537694244	1.0
0.622888845484559	0.9256023184690589	1.0
0.5738153014699969	0.6194072052736282	1.0
0.574310550031361	0.623907300997243	1.0
0.4799622178288346	0.5977504429508057	1.0
0.52394485555849	0.5754904477702035	1.0
0.5893129956895418	0.5554606658078358	1.0
0.6890721638504507	0.5797265945726824	1.0
0.5563282455887767	1.0	1.0
0.5811502481525519	0.5710639538793879	1.0
0.5983440556691053	0.6268543980380578	1.0
0.5377835050575369	0.5897583894936874	1.0
0.6189344402071041	0.5435879510302868	1.0
0.6165725632761275	0.5742045763540733	1.0
0.5752278811254241	0.9529542623218603	1.0
0.5343570244943806	0.6008416445743406	1.0
0.5568298287726748	0.6051205891466371	1.0
0.5229629168822739	0.5982960390566907	1.0
0.6076785322358133	0.8987781823816545	1.0
0.6002958681322447	0.7092221847335463	1.0
0.5525276545638775	0.6946640042675905	1.0
0.5711253559137727	0.5961222963098098	1.0
0.5384021056957059	0.6676165037333863	1.0
0.5990992953948278	0.632779531820587	1.0
0.611331982923893	0.5723772398041755	1.0
0.6748899729378565	0.5416452195196995	1.0
0.6116929651692149	0.569783924852828	1.0
0.6849207661509894	0.5478522639646433	1.0
0.5559786177282082	0.779683785810102	1.0
0.6149400892723517	0.7676315914496965	1.0
0.5719439895246974	0.6938629238411678	1.0
0.5693850281448548	0.9169918455771109	1.0
0.5945776957396681	0.8219082006522245	1.0
0.6041183729500955	0.7064632952839583	1.0
0.5351954003856055	0.5574984479685816	1.0
0.6197176842828078	0.7124689667437114	1.0
0.5606960257542299	0.9753852975227384	1.0
0.634689477928048	0.5695986181066376	1.0
0.6658924944823243	0.5436535525818315	1.0
0.48615108426455567	0.7866169062930494	1.0
0.641565463206975	0.5703556370495894	1.0
0.6670311766473705	0.6925175735940466	1.0
0.5922488579862961	0.49988162554462623	1.0
0.6375694876026374	0.5464834421222236	1.0
0.5520550827984079	0.5612840783071466	1.0
0.6070362720205515	0.555157385823899	1.0
0.6280910445306557	0.6464735466813686	1.0
0.6885599654727351	0.9454177445014873	1.0
0.5618121887082272	0.7728244565891771	1.0
0.5609890893398992	0.7520188836276057	1.0
0.6108130817426404	0.668783260342498	1.0
0.6131142907129373	0.607209096887957	1.0
0.48941503568861133	0.7438659393756497	1.0
0.5880900030734334	0.6372434932297121	1.0
0.6162049332561848	0.6734025049890877	1.0
0.5218414942322159	0.5928531370333244	1.0
0.5610719426550324	0.6366981124745313	1.0
0.5648061257294268	0.6664929960440397	1.0
0.5686971025548117	0.5942395433579839	1.0
0.5812524291367678	0.7123142740709442	1.0
0.5777982202481461	0.5863697224515297	1.0
0.5081892832328953	0.6356888307424994	1.0
0.5715645478918594	0.5970807766514479	1.0
0.642409579484088	0.6513496959372712	1.0
0.5508603609753502	0.8877488370723474	1.0
0.5714616391274089	0.7319741197825252	1.0
0.4845733193462712	0.609517172663576	1.0
0.6241709354907908	0.8883949988547396	1.0
0.4869462463387928	0.7766603531213334	1.0
0.6022242410045575	0.499049276533638	1.0
0.4973967416684748	0.5478253216134402	1.0
0.6441429084266901	0.6268382002169608	1.0
0.5575513445247262	0.6573132998514875	1.0
0.5859529862533399	0.7391390290722687	1.0
0.6126834177262546	0.6079661393144224	1.0
0.48935565603556885	0.6128790762752615	1.0
0.5846959111065572	0.5942986025859038	1.0
0.5367985546951396	0.834237643448566	1.0
0.5506689135015201	0.6244278369286321	1.0
0.5451052479686991	0.6358991902276555	1.0
0.49097385832397883	0.5845497554675773	1.0
0.5337939298458758	0.843254088657533	1.0
0.5000111071967004	0.574439080261667	1.0
0.6018019866706854	0.9422918528424719	1.0
0.515196271467044	0.6277414835780826	1.0
0.5928262686185868	0.7111331132064693	1.0
0.6041233781847085	0.6241491792188333	1.0
0.6441211869483565	0.638279042758301	1.0
0.6525531493408187	0.5260873452005026	1.0
0.5619579320831768	0.8905770663670912	1.0
0.5037236698750873	0.6258588325344305	1.0
0.5772514227715587	0.8111542120429804	1.0
0.5512678637083365	0.6641431974889754	1.0
0.5270518948361084	0.6349415841777128	1.0
0.5197436467630455	0.6411060947410517	1.0
0.5636024881214304	0.6334118358817357	1.0
0.5491020264589825	0.5712205645211685	1.0
0.5777047065252903	0.9155531424113706	1.0
0.5887787913487892	0.5696192999734463	1.0
0.5542382991507331	0.5739173895684376	1.0
0.5451132648732837	0.8969545205560133	1.0
0.5371897652687198	0.7048402602667683	1.0
0.4368248499782219	0.569090551905036	1.0
0.5654029970066973	0.6621895754089205	1.0
0.46216324668911074	0.7572863512539183	1.0
0.6456999374849416	0.5921308581171516	1.0
0.5204838346899254	0.8495674709290817	1.0
0.5402208694055581	0.5544848438713834	1.0
0.5471754943327337	0.6113784884484759	1.0
0.5689660465795846	0.6147885403828446	1.0
0.6402028379703328	0.6368123384953127	1.0
0.6342493145595962	0.5028540119957009	1.0
0.5776118048842817	0.6216852313236895	1.0
0.6040949879373919	0.5734887977706167	1.0
0.6175824146505402	0.5351844284929652	1.0
0.6102737384225506	0.6364608303481442	1.0
0.6302688202863408	0.6559937941375341	1.0
0.6281340500688346	0.8684202976146551	1.0
0.5324200707695296	0.9274676486607598	1.0
0.5796255199762491	0.6124496968688137	1.0
0.6161941508208699	0.6551680030626654	1.0
0.6331566013456235	0.5330670200581491	1.0
0.5732981865697309	0.5790930456029063	1.0
0.6481312183247533	0.5547452884577938	1.0
0.5473884136248994	0.586509477817922	1.0
0.6534580225029267	0.5652090455868783	1.0
0.47523678554513227	0.5556356705906993	1.0
0.6212811373738802	0.5478711657919985	1.0
0.5812803174485329	0.6014241615930962	1.0
0.5516123064361469	0.6276244247352063	1.0
0.5252955318662104	0.6487473163472234	1.0
0.6253583817194568	0.5737012932092784	1.0
0.5671534869627423	0.896120164219459	1.0
0.5299274986849974	0.6323575023702243	1.0
0.6225425916235662	0.5795573494972144	1.0
0.5408755598324215	0.5857125254993627	1.0
0.5096193579258601	0.7166559937857023	1.0
0.48981591547617165	0.7700327390588501	1.0
0.5428784504129703	0.6624493929748944	1.0
0.6304559258322602	0.6289258100846941	1.0
0.556885849736804	0.5637357220196455	1.0
0.6565958914653095	0.6118592996305522	1.0
0.6227502336912701	0.7748508716670177	1.0
0.6043622759961973	0.584945355931252	1.0
0.5963753613012238	0.6638229866131324	1.0
0.5548332602665554	0.9256462096010403	1.0
0.5366970141052865	0.6958445144040415	1.0
0.5958902999769856	0.5637018125835936	1.0
0.6766870593982854	0.739726502246966	1.0
0.6044110262537401	0.5701146398318911	1.0
0.6375869150746641	0.6251099727887036	1.0
0.6209756824389702	0.5831407237704571	1.0
0.5431796289719296	0.6144126013073353	1.0
0.5279112544929212	0.7832610035557805	1.0
0.6025706213709678	0.6938142031489929	1.0
0.6424403057924256	0.772194455502655	1.0
0.6269380138031392	0.8390505682429947	1.0
0.5611921770193044	0.6199472563097157	1.0
0.5273700271452909	0.6676559271132958	1.0
0.5540563826960359	0.6012780424627681	1.0
0.5548817906341353	0.9343003679564217	1.0
0.6102203292015086	0.7167064589778868	1.0
0.6837399119353422	0.4890500130157228	1.0
0.5112687630969328	0.5476276749284852	1.0
0.48530860268320375	0.5954586893616006	1.0
0.4866696384495154	0.7283476412917008	1.0
0.5529868263559015	0.5847616063012497	1.0
0.5878390651493821	0.7109606622437791	1.0
0.6738756479975155	0.7052903444981483	1.0
